{"type":"FeatureCollection","features":[{"type":"Feature","geometry":{"geodesic":false,"type":"Polygon","coordinates":[[[-118.22531930608001,36.871244431213405],[-118.22531786643994,36.87115430563047],[-118.22520569142088,36.87115546223835],[-118.22520713093519,36.871245587830266],[-118.22531930608001,36.871244431213405]]]},"id":"+9079+1875","properties":{"count":1,"label":1}},{"type":"Feature","geometry":{"geodesic":false,"type":"Polygon","coordinates":[[[-118.2252028124282,36.87097521105451],[-118.22520137294083,36.87088508545361],[-118.22508919830807,36.8708862419447],[-118.22509063766967,36.87097636754561],[-118.2252028124282,36.87097521105451]]]},"id":"+9080+1878","properties":{"count":1,"label":1}},{"type":"Feature","geometry":{"geodesic":false,"type":"Polygon","coordinates":[[[-118.22497126683976,36.87052689590642],[-118.22496982764885,36.870436770296536],[-118.22485765366287,36.87043792655407],[-118.22485909272801,36.870528052163955],[-118.22497126683976,36.87052689590642]]]},"id":"+9082+1883","properties":{"count":1,"label":1}},{"type":"Feature","geometry":{"geodesic":false,"type":"Polygon","coordinates":[[[-118.22358348888731,36.86792711949766],[-118.22358205146608,36.867836993806925],[-118.22346988122608,36.86783814868105],[-118.22347131852155,36.867928274380766],[-118.22358348888731,36.86792711949766]]]},"id":"+9094+1912","properties":{"count":1,"label":1}},{"type":"Feature","geometry":{"geodesic":false,"type":"Polygon","coordinates":[[[-118.22265883573569,36.86622396656686],[-118.22265739949124,36.86613384081324],[-118.22254523170363,36.86613499477109],[-118.22254666782231,36.8662251205247],[-118.22265883573569,36.86622396656686]]]},"id":"+9102+1931","properties":{"count":1,"label":1}},{"type":"Feature","geometry":{"geodesic":false,"type":"Polygon","coordinates":[[[-118.22242732001624,36.865775645570736],[-118.22242588405925,36.86568551980813],[-118.22231371691844,36.86568667353242],[-118.22231515274066,36.865776799304],[-118.22242732001624,36.865775645570736]]]},"id":"+9104+1936","properties":{"count":1,"label":1}},{"type":"Feature","geometry":{"geodesic":false,"type":"Polygon","coordinates":[[[-118.22131573682341,36.91572473699558],[-118.22131429957285,36.91563461194264],[-118.22120205928222,36.91563576595439],[-118.22120349640701,36.91572589100732],[-118.22131573682341,36.91572473699558]]]},"id":"+9121+1382","properties":{"count":1,"label":1}},{"type":"Feature","geometry":{"geodesic":false,"type":"Polygon","coordinates":[[[-118.21860515130196,36.90763998497608],[-118.21860371765364,36.90754985971654],[-118.218491489095,36.90755101095249],[-118.21849005559042,36.90746088569295],[-118.21837782715755,36.90746203681212],[-118.21838212730299,36.9077324126177],[-118.21849435613112,36.90773126148056],[-118.21849292260856,36.907641136212035],[-118.21860515130196,36.90763998497608]]]},"id":"+9145+1473","properties":{"count":4,"label":1}},{"type":"Feature","geometry":{"geodesic":false,"type":"Polygon","coordinates":[[[-118.21740594309458,36.91693669157818],[-118.21740307766645,36.916756441265704],[-118.21729083556122,36.916757591612324],[-118.21729226814952,36.916847716773056],[-118.21718002590954,36.91684886701188],[-118.21718145836309,36.916938992181585],[-118.21695697360465,36.916941292353805],[-118.21695840580668,36.91703141752352],[-118.21729513332612,36.91702796709451],[-118.21729370072883,36.91693784193378],[-118.21740594309458,36.91693669157818]]]},"id":"+9156+1370","properties":{"count":6,"label":1}},{"type":"Feature","geometry":{"geodesic":false,"type":"Polygon","coordinates":[[[-118.21856214470925,36.90493622657892],[-118.21867436943208,36.90493507535195],[-118.21867293584666,36.90484495005648],[-118.21889738502283,36.904842647279146],[-118.21889595117689,36.90475252198367],[-118.21867150227021,36.90475482475202],[-118.2186686351263,36.90457457415208],[-118.21855641093347,36.904575725370066],[-118.21855784436619,36.904665850674526],[-118.21822117133856,36.90466930369966],[-118.21821830526365,36.9044890530638],[-118.21810608116964,36.90449020385059],[-118.21810464827591,36.90440007852816],[-118.21799242431665,36.90440122920716],[-118.21799099155767,36.90431110388474],[-118.21787876771518,36.90431225445593],[-118.21788020033941,36.90440237978734],[-118.21754352838077,36.90440583087212],[-118.2175420961518,36.90431570552274],[-118.21742987229135,36.90431685567174],[-118.21742844019712,36.904226730322364],[-118.21731621646245,36.90422788036356],[-118.21731192061993,36.90395750428848],[-118.21719969727152,36.90395865421289],[-118.21719397010735,36.90359815275251],[-118.21708174727098,36.90359930255116],[-118.2170846105791,36.903779553294825],[-118.21686016437634,36.90378185258669],[-118.2168587329828,36.903691727210365],[-118.21674651000271,36.903692876694606],[-118.21674937252926,36.90387312745624],[-118.21686159576988,36.903871977963014],[-118.2168658900044,36.904142354074025],[-118.21697811364027,36.90414120446402],[-118.21697954519551,36.90423132983136],[-118.21686732143387,36.90423247945035],[-118.21686875286335,36.904322604817686],[-118.21698097675973,36.904321455198705],[-118.21698240833292,36.90441158055706],[-118.21709463235507,36.90441043083028],[-118.21709606406303,36.90450055618864],[-118.21720828821094,36.904499406354056],[-118.21720685636824,36.90440928100468],[-118.21743130438558,36.90440698102111],[-118.21743416860097,36.90458723171088],[-118.21754639285669,36.90458608155291],[-118.21755068962446,36.904856457565096],[-118.21766291427542,36.90485530729034],[-118.21766434667508,36.90494543262175],[-118.21777657145181,36.9049442822392],[-118.21778086908196,36.905214658215456],[-118.21755641872899,36.905216958899715],[-118.21755785102086,36.905307084231126],[-118.2176700763276,36.9053059339384],[-118.21767294119876,36.90548618458325],[-118.21789739233326,36.90548388366543],[-118.21789882503833,36.905574008978874],[-118.21801105072237,36.90557285836276],[-118.21801391641999,36.90575310897168],[-118.21790169046646,36.905754259605764],[-118.21790455593052,36.905934510223666],[-118.2177923297075,36.90593566075893],[-118.21779519492901,36.90611591137683],[-118.2176829684365,36.90611706181328],[-118.21768440092599,36.906207187117744],[-118.21779662754426,36.90620603668129],[-118.2178023580951,36.90656653789913],[-118.2180268123737,36.906564236684865],[-118.21802824529436,36.906654361971356],[-118.21814047255943,36.90665321120253],[-118.21814190560588,36.90674333648902],[-118.2182541329967,36.90674218560341],[-118.21824983346212,36.906471809752915],[-118.21813760646656,36.90647296062056],[-118.21813187436165,36.90611245943865],[-118.21824410083619,36.906111308579995],[-118.21824553398145,36.906201433875474],[-118.21835776057277,36.90620028290901],[-118.21835346075073,36.90592990704055],[-118.2184656869468,36.90592875597528],[-118.21846425355001,36.905838630688784],[-118.21857647960235,36.9058374795247],[-118.21857361257523,36.90565722894273],[-118.21868583835807,36.90565607767983],[-118.21868440471874,36.90556595239333],[-118.21857217907065,36.90556710365624],[-118.21856214470925,36.90493622657892]],[[-118.21845995341356,36.90556825481134],[-118.218455653331,36.90529787891593],[-118.21834342806021,36.90529902995425],[-118.21834486128631,36.90538915525871],[-118.21823263588075,36.90539030618924],[-118.2182340689811,36.90548043149369],[-118.21812184343182,36.90548158232541],[-118.21812470938097,36.90566183293433],[-118.21834916099156,36.90565953115412],[-118.2183477277475,36.90556940585865],[-118.21845995341356,36.90556825481134]],[[-118.21844848665252,36.90484725240262],[-118.21844705333659,36.90475712709816],[-118.21833482886528,36.90475827810953],[-118.21833626204648,36.904848403422974],[-118.21844848665252,36.90484725240262]],[[-118.21844848665252,36.90484725240262],[-118.21844991997745,36.90493737770708],[-118.21856214470925,36.90493622657892],[-118.21856071125858,36.90484610128345],[-118.21844848665252,36.90484725240262]]]},"id":"+9156+1516","properties":{"count":179,"label":1}},{"type":"Feature","geometry":{"geodesic":false,"type":"Polygon","coordinates":[[[-118.21658992518655,36.90090013847073],[-118.2164777062848,36.900901287622595],[-118.21647913707648,36.90099141305282],[-118.21636691803998,36.90099256211485],[-118.21636977938975,36.9011728129753],[-118.21648199869574,36.90117166391327],[-118.21648486034196,36.90135191476473],[-118.21637264077546,36.90135306383574],[-118.21638265579612,36.90198394180239],[-118.21649487629686,36.90198279271341],[-118.21649344542435,36.901892667292174],[-118.21660566578137,36.9018915180954],[-118.21660280379379,36.90171126727088],[-118.21671502388132,36.90171011797529],[-118.21671359276625,36.901619992563035],[-118.21682581271004,36.901618843159646],[-118.2168243814782,36.90152871774739],[-118.21693660127826,36.90152756825417],[-118.21693373855406,36.901347317429654],[-118.21704595809362,36.901346167837616],[-118.21704452661025,36.90125604242536],[-118.21715674601505,36.901254892725525],[-118.2171524512056,36.90098451650672],[-118.21704023219607,36.90098566619757],[-118.21703880073964,36.900895540785314],[-118.21715101961445,36.90089439109446],[-118.21714815645007,36.90071414027893],[-118.21703593783579,36.90071528995182],[-118.21703307496786,36.90053503911832],[-118.21714529331265,36.900533889445434],[-118.21713813558138,36.90008326234822],[-118.21702591789236,36.90008441200313],[-118.21702448649881,36.89999428657291],[-118.21691226893556,36.89999543612003],[-118.21690940643595,36.8998151852506],[-118.21679718913319,36.899816334680935],[-118.21679575801814,36.899726209241734],[-118.21668354084115,36.89972735856427],[-118.21668067889848,36.899547107676874],[-118.21679289581496,36.89954595836332],[-118.21679003362975,36.89936570747592],[-118.21667781698277,36.899366856780496],[-118.21667924793613,36.899456982228685],[-118.21656703115441,36.89945813143444],[-118.21656416950819,36.899277880529084],[-118.21645195297799,36.899279029618064],[-118.21645624505656,36.8995494059806],[-118.216568461982,36.89954825688264],[-118.21657275450973,36.899818633227206],[-118.21668497182146,36.89981748400348],[-118.21668640281077,36.89990760945167],[-118.21657418536428,36.89990875866641],[-118.21658563242526,36.90062976218007],[-118.21636119540331,36.90063206035802],[-118.21636262605125,36.90072218579723],[-118.21647484470147,36.90072103675317],[-118.21647627548415,36.90081116219237],[-118.21658849426014,36.90081001304051],[-118.21658992518655,36.90090013847073]],[[-118.21658992518655,36.90090013847073],[-118.21659135611297,36.90099026389198],[-118.21670357514947,36.90098911463232],[-118.21670214407932,36.90089898920209],[-118.21658992518655,36.90090013847073]],[[-118.21680291363836,36.900176836419796],[-118.2168000513723,36.89999658555935],[-118.21668783380005,36.899997734890874],[-118.21669069580561,36.90017798576031],[-118.21680291363836,36.900176836419796]]]},"id":"+9161+1564","properties":{"count":114,"label":1}},{"type":"Feature","geometry":{"geodesic":false,"type":"Polygon","coordinates":[[[-118.21628208779208,36.916858065140545],[-118.21628065639854,36.91676793994389],[-118.2161684142394,36.91676908923049],[-118.21616698298959,36.91667896402485],[-118.2159424989049,36.91668126227467],[-118.2159439298942,36.91677138748032],[-118.21605617207129,36.916770238409306],[-118.21605760319534,36.91686036361495],[-118.21628208779208,36.916858065140545]]]},"id":"+9168+1371","properties":{"count":4,"label":1}},{"type":"Feature","geometry":{"geodesic":false,"type":"MultiPolygon","coordinates":[[[[-118.21519415642321,36.87657655058236],[-118.21519558445705,36.8766666764258],[-118.21530776794721,36.87666552912447],[-118.2153063397876,36.876575403290005],[-118.21519415642321,36.87657655058236]]],[[[-118.21518558839085,36.87603579548573],[-118.21529777095574,36.87603464821135],[-118.21529634284106,36.875944522358914],[-118.21518416040192,36.875945669633296],[-118.21518558839085,36.87603579548573]]],[[[-118.21406376233766,36.876047262435414],[-118.21405805570896,36.87568675886399],[-118.21417023781572,36.87568561265861],[-118.21416595752305,36.87541523497555],[-118.21427813922557,36.87541408868033],[-118.21428099301153,36.875594340466044],[-118.21461753888264,36.87559090090665],[-118.21461611158541,36.87550077502727],[-118.21484047520603,36.87549848147563],[-118.21483904765728,36.87540835559626],[-118.21495122932386,36.87540720866323],[-118.21494980164036,36.87531708279283],[-118.21506198317219,36.875315935760995],[-118.21505912758062,36.8751356840202],[-118.21517130883397,36.875134536880566],[-118.21516988091692,36.875044411019154],[-118.21550642425477,36.875040968989396],[-118.21550213934476,36.87477059141413],[-118.21538995863938,36.87477173885021],[-118.21538710232915,36.87459148710941],[-118.21527492186631,36.8745926344377],[-118.21526920984773,36.87423213093814],[-118.2151570299149,36.87423327814065],[-118.21515560206072,36.87414315225229],[-118.21504342224468,36.87414429934701],[-118.21503771141187,36.87378379578457],[-118.21492553212582,36.873784942762505],[-118.21492838726824,36.87396519454822],[-118.21481620770372,36.87396634142734],[-118.21481763515365,36.874056467315704],[-118.21470545545438,36.87405761408703],[-118.21470688277856,36.87414773999336],[-118.21459470294454,36.87414888665689],[-118.21459613014295,36.87423901256322],[-118.21448395017418,36.87424015912793],[-118.21448252310154,36.8741500332216],[-118.21414598354559,36.87415347227794],[-118.214147410214,36.87424359819325],[-118.21403523021829,36.874244744335755],[-118.21403808331254,36.874424996175364],[-118.21392590304733,36.87442614221906],[-118.21392732947318,36.87451626814335],[-118.21381514906425,36.87451741407924],[-118.21381657536433,36.87460754000354],[-118.21336785315367,36.87461212273201],[-118.2133664273746,36.874521996798734],[-118.21302988603998,36.87452543271995],[-118.21303131142379,36.874615558671195],[-118.21291913083519,36.87461670377165],[-118.2129219813423,36.87479695566516],[-118.2130341622004,36.874795810564706],[-118.21303701300396,36.87497606244923],[-118.21314919411358,36.87497491722301],[-118.21315061965011,36.87506504316527],[-118.21326280088549,36.87506389783125],[-118.21326565225498,36.87524414969781],[-118.21337783375088,36.87524300424701],[-118.2133821112408,36.875513382019896],[-118.21326992935863,36.87551452747968],[-118.21327135506583,36.87560465340398],[-118.21338353709174,36.8756035079442],[-118.21338638879361,36.87578375978381],[-118.21349857107104,36.87578261420724],[-118.21349999706571,36.87587274012255],[-118.21372436186311,36.87587044865501],[-118.21372293560795,36.87578032274868],[-118.2139473001179,36.87577803085893],[-118.21395157970089,36.87604840855097],[-118.21406376233766,36.876047262435414]]],[[[-118.21518558839085,36.87603579548573],[-118.21440031022098,36.87604382346891],[-118.21440173729363,36.876133949348294],[-118.21428955454009,36.87613509577826],[-118.21428812760219,36.87604496989888],[-118.21406376233766,36.876047262435414],[-118.21406518901505,36.876137388332765],[-118.21417737177757,36.87613624210941],[-118.2141787985897,36.87622636798879],[-118.21429098147799,36.87622522165764],[-118.21429240842487,36.87631534753702],[-118.2144045914479,36.876314201098076],[-118.21440601852953,36.87640432697746],[-118.21451820167833,36.876403180421725],[-118.21452105612904,36.87658343216252],[-118.21463323952936,36.87658228549899],[-118.21463466689846,36.87667241136041],[-118.21474685042455,36.8766712645801],[-118.2147497054412,36.87685151630293],[-118.2148618892278,36.876850369414825],[-118.21486331687537,36.87694049525827],[-118.21497550078774,36.87693934826237],[-118.21497835637032,36.87711959995825],[-118.21520272469812,36.87711730563406],[-118.21519844053371,36.8768469281127],[-118.21497407300542,36.87684922241892],[-118.21496978968544,36.87657884487061],[-118.21519415642321,36.87657655058236],[-118.21519272840733,36.87648642473891],[-118.21496836193008,36.87648871901818],[-118.21496693417471,36.87639859315676],[-118.21541566658126,36.876394004202965],[-118.21541423830487,36.876303878359515],[-118.21563860420721,36.87630158325379],[-118.21564003273514,36.87639170908826],[-118.21575221581207,36.876390561373704],[-118.21574935847777,36.876210309713755],[-118.21552499286288,36.87621260502609],[-118.21552213607654,36.87603235333919],[-118.2157465011794,36.876030058044826],[-118.21574507253469,36.87593993221036],[-118.21540852528018,36.875943374985724],[-118.21541281003748,36.876213752516065],[-118.21518844437767,36.876216047190596],[-118.21518558839085,36.87603579548573]]]]},"id":"+9171+1847","properties":{"count":349,"label":1}},{"type":"Feature","geometry":{"geodesic":false,"type":"MultiPolygon","coordinates":[[[[-118.21676654822767,36.9049546318823],[-118.2167694109339,36.905134882607996],[-118.21688163602505,36.90513373306088],[-118.2168787730583,36.90495348235314],[-118.21676654822767,36.9049546318823]]],[[[-118.21665289218316,36.90486565595428],[-118.21665432339704,36.90495578132162],[-118.21676654822767,36.9049546318823],[-118.21676511688803,36.90486450652394],[-118.21665289218316,36.90486565595428]]],[[[-118.21653923639917,36.90477667990049],[-118.21654066746932,36.90486680527682],[-118.21665289218316,36.90486565595428],[-118.21665146097827,36.90477553058694],[-118.21653923639917,36.90477667990049]]],[[[-118.21607603292391,36.903880022178754],[-118.21585158634387,36.90388231957518],[-118.21585301656062,36.90397244497845],[-118.21574079312238,36.90397359351946],[-118.21574365331333,36.90415384433499],[-118.21596810070184,36.904151547136195],[-118.21597096144976,36.904331797933764],[-118.21608318540004,36.90433064915919],[-118.2160860464354,36.90451089994777],[-118.21619827063721,36.904509751065405],[-118.21619970129413,36.90459987645072],[-118.21631192563068,36.90459872746055],[-118.21630334097948,36.90405797513972],[-118.21641556451654,36.90405682606871],[-118.21641127188101,36.903786449903805],[-118.21652349501383,36.90378530073398],[-118.21652206402453,36.903695175348666],[-118.21663428701362,36.903694026071044],[-118.21663285588957,36.90360390068574],[-118.21640841016294,36.903606199115224],[-118.2164098410175,36.90369632450951],[-118.2161853950034,36.90369862252577],[-118.21618396440935,36.9036084971225],[-118.21607174151909,36.903609645968935],[-118.2160703110598,36.90351952056566],[-118.21595808830426,36.90352066929531],[-118.21595665797972,36.903430543892036],[-118.21584443534996,36.90343169251389],[-118.21584014482549,36.90316131625916],[-118.215727922582,36.90316246477321],[-118.21572077250438,36.90271183764006],[-118.21560855090769,36.902712986019374],[-118.21560283148699,36.902352484271525],[-118.21582727361138,36.90235018743206],[-118.21582584351142,36.90226006200184],[-118.21537695976569,36.90226465524958],[-118.21537410062577,36.902084404344215],[-118.21548632131517,36.90208325619847],[-118.21548489161944,36.90199313075028],[-118.21559711216511,36.90199198250572],[-118.2155956823526,36.90190185705753],[-118.21548346194169,36.90190300530209],[-118.21548060259515,36.90172275439673],[-118.21559282274556,36.901721606161146],[-118.21558138455993,36.901000602521734],[-118.21546916546953,36.90100175073036],[-118.21546773585466,36.90091162526421],[-118.21535551689003,36.900912773356055],[-118.21535265794773,36.900732522414756],[-118.21524043923463,36.90073367039881],[-118.21523615127036,36.90046329396441],[-118.2153483695882,36.900462145998326],[-118.215346940144,36.900372020514205],[-118.21545915831811,36.90037087244032],[-118.21545772874816,36.90028074696518],[-118.21556994678753,36.90027959879248],[-118.21556279838975,36.89982897141679],[-118.21567501575538,36.89982782314527],[-118.21566786685455,36.89937719575161],[-118.2155556501447,36.899378343996176],[-118.21555422051185,36.899288218512055],[-118.21532978733468,36.89929051467779],[-118.21532835797133,36.89920038918468],[-118.21544057443865,36.89919924115571],[-118.21543914494953,36.899109115662604],[-118.21566357758772,36.89910681929925],[-118.21566214784707,36.89901669381512],[-118.2154377154694,36.8990189901695],[-118.21543056817656,36.898568362668044],[-118.21520613709247,36.898570658564275],[-118.21520756627615,36.898660784075346],[-118.21509535059036,36.898661931861774],[-118.21509820871519,36.89884218288392],[-118.2149859927599,36.898843330580505],[-118.21499027959231,36.89911370711372],[-118.21454141413628,36.899118296867016],[-118.21453998570719,36.89902817134696],[-118.21442776946445,36.89902931851355],[-118.21442634117908,36.89893919298451],[-118.21453855729605,36.89893804581793],[-118.21453712888491,36.89884792028889],[-118.2144249129027,36.89884906745547],[-118.21442348462631,36.89875894192643],[-118.21453570048277,36.89875779475985],[-118.21453284368745,36.89857754370177],[-118.21464505927442,36.89857639644536],[-118.21464220224554,36.8983961453783],[-118.21441777160162,36.89839843977435],[-118.21441634336117,36.898308314236324],[-118.21430412816046,36.89830946126816],[-118.21430127195804,36.898129210183136],[-118.21441348689822,36.898128063151304],[-118.2144077740442,36.89776756096328],[-118.21429555964302,36.89776870797716],[-118.21429413157324,36.897678582421165],[-118.21418191728884,36.89767972932724],[-118.21418334522386,36.89776985488323],[-118.21407113080471,36.89777100169049],[-118.2140768420687,36.898131503914435],[-118.21418905701786,36.898130357098196],[-118.21419334093073,36.89840073374819],[-118.21408112558632,36.89840188057342],[-118.21408540915783,36.89867225722341],[-118.21386097766052,36.89867455057742],[-118.21385955005786,36.898584425021426],[-118.2136351187941,36.89858671795322],[-118.21363654613624,36.898676843509215],[-118.21374876190286,36.89867569709721],[-118.21375018937975,36.8987658226532],[-118.21386240526316,36.8987646761334],[-118.21386811575461,36.8991251783304],[-118.21398033216802,36.89912403168484],[-118.21398175994135,36.899214157222865],[-118.21409397648053,36.8992130104695],[-118.21409540438862,36.899303136007525],[-118.21398318771469,36.89930428276987],[-118.213984615497,36.89939440830789],[-118.21409683229669,36.89939326154555],[-118.21409968814878,36.899573512612605],[-118.21421190520897,36.89957236573348],[-118.21421333326977,36.899662491262525],[-118.21443776763272,36.89966019718987],[-118.21444776612437,36.90029107578533],[-118.21455998421763,36.90028992856485],[-118.21456141272758,36.90038005406694],[-118.21444919449957,36.900381201296405],[-118.21445062289274,36.90047132680748],[-118.214338404521,36.90047247392915],[-118.2143398327884,36.90056259944022],[-118.21422761428191,36.90056374646307],[-118.21423903954977,36.901284750515714],[-118.21435125910729,36.90128360346591],[-118.21435554408018,36.90155397995421],[-118.2142433241274,36.901555127013],[-118.21424618054542,36.90173537800819],[-118.21413396031417,36.901736524968165],[-118.21413681649862,36.90191677596336],[-118.21436125746419,36.90191448191765],[-118.21435982910695,36.90182435642454],[-118.21458426979405,36.90182206195663],[-118.21458998430995,36.90218256387515],[-118.21470220517003,36.90218141646602],[-118.21470077639957,36.90209129099088],[-118.2148129971249,36.90209014348294],[-118.21481442602112,36.902180268949095],[-118.21492664687221,36.902179121333354],[-118.21492807591217,36.90226924679951],[-118.21481585493531,36.902270394424235],[-118.2148172838495,36.902360519890394],[-118.2149295049611,36.90235937225668],[-118.21493379214384,36.90262974863718],[-118.21504601364173,36.90262860089568],[-118.21505030127362,36.90289897724923],[-118.21482585747836,36.90290127266038],[-118.21482157063699,36.902630896279874],[-118.21459712760529,36.90263319123288],[-118.21459998496654,36.90281344217418],[-118.21471220675188,36.9028122947381],[-118.21471649323395,36.9030826711186],[-118.21482871540556,36.90308152356574],[-118.21483300234576,36.903351899928275],[-118.21494522490364,36.90335075225863],[-118.21494665403344,36.90344087769784],[-118.21517109940075,36.90343858204415],[-118.21517681701583,36.90379908378301],[-118.21528904022051,36.90379793577201],[-118.21528761066851,36.903707810341785],[-118.21539983373845,36.90370666224096],[-118.21540126340723,36.903796787662195],[-118.21562570978065,36.90379449112815],[-118.21562427984237,36.903704365706915],[-118.21551205679042,36.90370551402334],[-118.2155106269869,36.9036153886021],[-118.21539840406069,36.90361653681073],[-118.2153941150903,36.90334616052904],[-118.21550633762124,36.903345012329396],[-118.21550776739781,36.903435137750634],[-118.21561999005452,36.903433989443194],[-118.21562141997482,36.90352411486443],[-118.21584586553078,36.90352181792615],[-118.21584872592834,36.90370206875066],[-118.21607317197838,36.90369977137221],[-118.21607603292391,36.903880022178754]],[[-118.21607603292391,36.903880022178754],[-118.21607746341014,36.90397014757305],[-118.21618968682144,36.90396899871763],[-118.21618825620943,36.903878873323336],[-118.21607603292391,36.903880022178754]],[[-118.21561570032955,36.90316361317049],[-118.21561427043619,36.903073487749246],[-118.21550204830051,36.903074636038724],[-118.2155006185419,36.902984510608505],[-118.21527617454002,36.902986806864064],[-118.21527760402914,36.90307693230327],[-118.2153898261738,36.903075784220405],[-118.21539125580665,36.90316590965961],[-118.21561570032955,36.90316361317049]],[[-118.21490664095964,36.900917364690386],[-118.21490521200951,36.900827239206265],[-118.2147929931437,36.900828386768104],[-118.21479442195907,36.90091851225223],[-118.21490664095964,36.900917364690386]],[[-118.21408969279223,36.89894263385544],[-118.21408826490213,36.89885250830844],[-118.21397604889295,36.89885365505281],[-118.21397747664831,36.898943780590834],[-118.21408969279223,36.89894263385544]]],[[[-118.21642558088467,36.904687703738915],[-118.21642701182007,36.90477782911524],[-118.21653923639917,36.90477667990049],[-118.21653780532903,36.90468655453316],[-118.21642558088467,36.904687703738915]]],[[[-118.21631192563068,36.90459872746055],[-118.21631335642235,36.90468885283688],[-118.21642558088467,36.904687703738915],[-118.21642414994928,36.90459757836259],[-118.21631192563068,36.90459872746055]]]]},"id":"+9181+1582","properties":{"count":603,"label":1}},{"type":"Feature","geometry":{"geodesic":false,"type":"Polygon","coordinates":[[[-118.21407867727292,36.91949466303467],[-118.21407724833179,36.91940453780207],[-118.21396500222006,36.919405685076455],[-118.21396643102646,36.91949581030905],[-118.21407867727292,36.91949466303467]]]},"id":"+9186+1341","properties":{"count":1,"label":1}},{"type":"Feature","geometry":{"geodesic":false,"type":"Polygon","coordinates":[[[-118.21328846411822,36.87668616438774],[-118.21327848372762,36.876055283007496],[-118.21294193565564,36.87605871880295],[-118.21294051030776,36.87596859286967],[-118.21271614516,36.875970882863975],[-118.21271757024738,36.87606100880624],[-118.212829752956,36.876059863858494],[-118.2128311781781,36.87614998979177],[-118.2129433610125,36.87614884472725],[-118.21294478636936,36.87623897065154],[-118.21283260340921,36.876240115716065],[-118.21283545388937,36.876420367573644],[-118.21294763711902,36.87641922250014],[-118.21295048788664,36.87659947434873],[-118.21306267136782,36.87659832916742],[-118.21306409689535,36.876688455082736],[-118.21328846411822,36.87668616438774]]]},"id":"+9191+1823","properties":{"count":25,"label":1}},{"type":"Feature","geometry":{"geodesic":false,"type":"Polygon","coordinates":[[[-118.21328724138536,36.91914219070731],[-118.21328152948355,36.91878168965117],[-118.21305703900285,36.91878398254703],[-118.2130527559254,36.91851360672349],[-118.21316500077948,36.91851246032945],[-118.21316071736966,36.918242084496924],[-118.2128239839932,36.918245523310716],[-118.21282541139823,36.91833564859721],[-118.21248867756364,36.91833908646777],[-118.21249010458239,36.91842921177223],[-118.21271459406596,36.91842691995434],[-118.21271744863346,36.91860717053631],[-118.21282969363126,36.91860602446567],[-118.21283112106323,36.918696149743184],[-118.21271887593068,36.9186972958228],[-118.21272458517346,36.91905779695979],[-118.2131735677698,36.919053211958584],[-118.21317499562399,36.91914333722711],[-118.21328724138536,36.91914219070731]]]},"id":"+9196+1354","properties":{"count":37,"label":1}},{"type":"Feature","geometry":{"geodesic":false,"type":"Polygon","coordinates":[[[-118.21246013867994,36.91653658017197],[-118.21245871180493,36.91644645484056],[-118.21234646995123,36.916447600506956],[-118.21234789670048,36.91653772583837],[-118.21246013867994,36.91653658017197]]]},"id":"+9200+1374","properties":{"count":1,"label":1}},{"type":"Feature","geometry":{"geodesic":false,"type":"Polygon","coordinates":[[[-118.2124644193499,36.91680695615721],[-118.21246156556394,36.916626705503376],[-118.21223708133552,36.91662899673736],[-118.212238507959,36.91671912207775],[-118.21212626570106,36.916720267537535],[-118.21212769219878,36.91681039287793],[-118.2124644193499,36.91680695615721]]]},"id":"+9201+1372","properties":{"count":5,"label":1}},{"type":"Feature","geometry":{"geodesic":false,"type":"Polygon","coordinates":[[[-118.21223422809753,36.916448746065555],[-118.21223280149201,36.91635862072516],[-118.21212055976406,36.916359766175965],[-118.21212198623483,36.91644989152534],[-118.21223422809753,36.916448746065555]]]},"id":"+9202+1375","properties":{"count":1,"label":1}},{"type":"Feature","geometry":{"geodesic":false,"type":"Polygon","coordinates":[[[-118.21201687617804,36.91690166357929],[-118.21201117071716,36.91654116221772],[-118.21189892871074,36.91654230746191],[-118.21190035493898,36.9166324328023],[-118.21178811278882,36.91663357794768],[-118.21179239110519,36.91690395398682],[-118.21201687617804,36.91690166357929]]]},"id":"+9204+1373","properties":{"count":7,"label":1}},{"type":"Feature","geometry":{"geodesic":false,"type":"Polygon","coordinates":[[[-118.21074748918217,36.85787269113094],[-118.21074606735569,36.85778256484732],[-118.21063391127312,36.85778370735165],[-118.21063533297385,36.857873833635274],[-118.21074748918217,36.85787269113094]]]},"id":"+9207+2025","properties":{"count":1,"label":1}},{"type":"Feature","geometry":{"geodesic":false,"type":"Polygon","coordinates":[[[-118.21170153900079,36.91825697912129],[-118.21170011292527,36.918166853789884],[-118.21136337970154,36.91817028845345],[-118.21136480538179,36.918260413793845],[-118.21125256082415,36.918261558472096],[-118.21125683750559,36.918531934493274],[-118.2111445925527,36.91853307908169],[-118.2111474434371,36.918713329762475],[-118.21103519820574,36.918714474252084],[-118.21103662352667,36.91880459959248],[-118.21126111424093,36.91880231050547],[-118.2112596886505,36.91871218517406],[-118.21137193386392,36.91871104047784],[-118.2113705081567,36.91862091513745],[-118.21148275323536,36.91861977034242],[-118.21148132739341,36.918529645011006],[-118.21159357233732,36.91852850010818],[-118.2115921463696,36.91843837477677],[-118.21147990156942,36.9184395196796],[-118.21147847574544,36.91834939434819],[-118.21159072041985,36.91834824944536],[-118.2115892944701,36.918258124113954],[-118.21170153900079,36.91825697912129]]]},"id":"+9209+1355","properties":{"count":18,"label":1}},{"type":"Feature","geometry":{"geodesic":false,"type":"Polygon","coordinates":[[[-118.2104081776678,36.85769586573532],[-118.21040675624556,36.85760573944272],[-118.21029460041453,36.857606881623646],[-118.21029602170202,36.85769700791626],[-118.2104081776678,36.85769586573532]]]},"id":"+9210+2027","properties":{"count":1,"label":1}},{"type":"Feature","geometry":{"geodesic":false,"type":"Polygon","coordinates":[[[-118.21102522114788,36.91808359681544],[-118.21102379587187,36.91799347145708],[-118.2109115517005,36.91799461581194],[-118.21091297684177,36.9180847411703],[-118.21102522114788,36.91808359681544]]]},"id":"+9213+1357","properties":{"count":1,"label":1}},{"type":"Feature","geometry":{"geodesic":false,"type":"Polygon","coordinates":[[[-118.21006886770752,36.85751903934257],[-118.21006744668952,36.85742891304098],[-118.20995529110102,36.857430054889534],[-118.20995671198428,36.85752018120011],[-118.21006886770752,36.85751903934257]]]},"id":"+9213+2029","properties":{"count":1,"label":1}},{"type":"Feature","geometry":{"geodesic":false,"type":"Polygon","coordinates":[[[-118.21114174168626,36.918352828391924],[-118.21114031626652,36.91826270305153],[-118.21069133796412,36.918267280282315],[-118.21069276286285,36.91835740564068],[-118.2108050075732,36.918356261492434],[-118.21080643260666,36.91844638684181],[-118.21103092228786,36.91844409821294],[-118.21102949699389,36.918353972863564],[-118.21114174168626,36.918352828391924]]]},"id":"+9215+1354","properties":{"count":6,"label":1}},{"type":"Feature","geometry":{"geodesic":false,"type":"MultiPolygon","coordinates":[[[[-118.21033751071681,36.917189207519456],[-118.21033608630317,36.91709908212516],[-118.21022384340743,36.91710022580629],[-118.21022526768631,36.917190351200574],[-118.21033751071681,36.917189207519456]]],[[[-118.2106742397544,36.91718577583829],[-118.21067566457228,36.917275901214616],[-118.21078790770159,36.91727475711129],[-118.21078648275795,36.91718463173496],[-118.2106742397544,36.91718577583829]]],[[[-118.21067566457228,36.917275901214616],[-118.21056342143397,36.91727704521913],[-118.21056199675085,36.917186919842806],[-118.2106742397544,36.91718577583829],[-118.2106713901456,36.917005525076654],[-118.21044690465055,36.91700781295992],[-118.21044975373832,36.917188063730535],[-118.21033751071681,36.917189207519456],[-118.21033893513942,36.91727933290476],[-118.2104511782867,36.91727818911584],[-118.21045260284406,36.917368314501154],[-118.21067708939015,36.91736602659992],[-118.21067566457228,36.917275901214616]]]]},"id":"+9217+1368","properties":{"count":10,"label":1}},{"type":"Feature","geometry":{"geodesic":false,"type":"Polygon","coordinates":[[[-118.20993717187514,36.87762174038848],[-118.2099357499768,36.87753161438333],[-118.20982356499542,36.87753275663613],[-118.20982498675903,36.87762288265026],[-118.20993717187514,36.87762174038848]]]},"id":"+9217+1806","properties":{"count":1,"label":1}},{"type":"Feature","geometry":{"geodesic":false,"type":"Polygon","coordinates":[[[-118.2104639995455,36.91808931752073],[-118.21046115033195,36.917909066777064],[-118.21023666216891,36.917911354301005],[-118.21023951085243,36.918091605062635],[-118.2104639995455,36.91808931752073]]]},"id":"+9219+1358","properties":{"count":4,"label":1}},{"type":"Feature","geometry":{"geodesic":false,"type":"MultiPolygon","coordinates":[[[[-118.20970000714493,36.87681289063217],[-118.20969858556998,36.87672276460906],[-118.20958640175643,36.87672390661932],[-118.20958782320562,36.87681403265141],[-118.20970000714493,36.87681289063217]]],[[[-118.20970000714493,36.87681289063217],[-118.20970711513648,36.87726352073875],[-118.20981929973158,36.87726237860273],[-118.20981219108425,36.87681174851412],[-118.20970000714493,36.87681289063217]]]]},"id":"+9219+1815","properties":{"count":6,"label":1}},{"type":"Feature","geometry":{"geodesic":false,"type":"Polygon","coordinates":[[[-118.21012441808737,36.91791249791026],[-118.21012299388036,36.91782237252495],[-118.2100107499246,36.91782351601743],[-118.21001217398789,36.917913641402734],[-118.21012441808737,36.91791249791026]]]},"id":"+9221+1359","properties":{"count":1,"label":1}},{"type":"Feature","geometry":{"geodesic":false,"type":"Polygon","coordinates":[[[-118.21011729714212,36.91746187095677],[-118.21011302465581,36.917191494773895],[-118.21000078161633,36.91719263823943],[-118.21000220564369,36.917282763642696],[-118.20988996246946,36.917283907009406],[-118.20989138636207,36.91737403241268],[-118.2097791430531,36.917375175680576],[-118.20978056681994,36.91746530108385],[-118.20955607990555,36.91746758729625],[-118.20955465639922,36.917377461883994],[-118.20933016972737,36.91737974767418],[-118.209333016219,36.91755999850768],[-118.20944525982442,36.917558855661994],[-118.20944668321398,36.91764898107425],[-118.20955892694516,36.917647838120764],[-118.20955750342087,36.91755771270851],[-118.20989423418322,36.91755428321025],[-118.20989281027265,36.91746415781596],[-118.21011729714212,36.91746187095677]]]},"id":"+9221+1366","properties":{"count":14,"label":1}},{"type":"Feature","geometry":{"geodesic":false,"type":"Polygon","coordinates":[[[-118.20905094708829,36.85698855415458],[-118.20904952730098,36.856898427799095],[-118.20893737244013,36.85689956867747],[-118.20893879210168,36.85698969503296],[-118.20905094708829,36.85698855415458]]]},"id":"+9222+2035","properties":{"count":1,"label":1}},{"type":"Feature","geometry":{"geodesic":false,"type":"MultiPolygon","coordinates":[[[[-118.20947137533196,36.8765447964486],[-118.20947279662843,36.87663492248968],[-118.20958498031622,36.87663378058722],[-118.209583558885,36.87654365455513],[-118.20947137533196,36.8765447964486]]],[[[-118.20924416614496,36.87636682783898],[-118.20924274512696,36.87627670178892],[-118.20913056195121,36.876277843359],[-118.20913198284345,36.87636796940906],[-118.20924416614496,36.87636682783898]]],[[[-118.20935777060821,36.87645581220218],[-118.20935919176993,36.87654593824326],[-118.20947137533196,36.8765447964486],[-118.20946995403548,36.87645467041651],[-118.20935777060821,36.87645581220218]]],[[[-118.20924416614496,36.87636682783898],[-118.20924558717194,36.87645695388006],[-118.20935777060821,36.87645581220218],[-118.20935634944647,36.8763656861611],[-118.20924416614496,36.87636682783898]]]]},"id":"+9223+1820","properties":{"count":4,"label":1}},{"type":"Feature","geometry":{"geodesic":false,"type":"MultiPolygon","coordinates":[[[[-118.20859806931603,36.85672273793687],[-118.2085966500677,36.8566326115724],[-118.20848449558414,36.8566337520106],[-118.20848591469772,36.85672387838406],[-118.20859806931603,36.85672273793687]]],[[[-118.20859806931603,36.85672273793687],[-118.20859948857333,36.85681286430135],[-118.2087116433174,36.85681172374636],[-118.20871022393433,36.85672159739087],[-118.20859806931603,36.85672273793687]]]]},"id":"+9226+2038","properties":{"count":2,"label":1}},{"type":"Feature","geometry":{"geodesic":false,"type":"MultiPolygon","coordinates":[[[[-118.20957173892435,36.91845896674125],[-118.20945949400739,36.91846010973067],[-118.20946091745982,36.91855023513394],[-118.20957316251153,36.918549092135535],[-118.20957173892435,36.91845896674125]]],[[[-118.20934155586461,36.918100750990206],[-118.2092293114597,36.91810189375504],[-118.20923215778963,36.91828214457956],[-118.20934440245506,36.91828100180574],[-118.20934155586461,36.918100750990206]]],[[[-118.20934155586461,36.918100750990206],[-118.20945380026055,36.91809960811757],[-118.20945807055496,36.91836998432739],[-118.20957031534616,36.918368841346954],[-118.20957173892435,36.91845896674125],[-118.2099084736393,36.91845553713519],[-118.20990989762174,36.9185456625205],[-118.2100221426465,36.91854451909989],[-118.21002071852931,36.91845439371458],[-118.21035745317239,36.918450962841895],[-118.21035602866893,36.91836083746557],[-118.21013153918535,36.91836312481883],[-118.21013011495138,36.91827299944251],[-118.20990562570137,36.918275286364576],[-118.20990135383491,36.91800491019068],[-118.20978910959168,36.91800605348553],[-118.20979053341242,36.91809617887982],[-118.2095660446475,36.918098465146116],[-118.20956319754501,36.91791821433957],[-118.20933870929213,36.917920500174674],[-118.20934155586461,36.918100750990206]]]]},"id":"+9227+1358","properties":{"count":30,"label":1}},{"type":"Feature","geometry":{"geodesic":false,"type":"Polygon","coordinates":[[[-118.2083723410916,36.856634892341006],[-118.20837092211278,36.856544765967556],[-118.208258767746,36.85654590619016],[-118.20826018659008,36.8566360325726],[-118.2083723410916,36.856634892341006]]]},"id":"+9228+2039","properties":{"count":1,"label":1}},{"type":"Feature","geometry":{"geodesic":false,"type":"Polygon","coordinates":[[[-118.2104426310683,36.91673743678603],[-118.21043693305445,36.916376935199885],[-118.21032469121872,36.916378078952874],[-118.21032184250824,36.91619782814632],[-118.210209600942,36.91619897178253],[-118.21021244938298,36.91637922259806],[-118.21010020753826,36.91638036614443],[-118.21009878344802,36.916290240732174],[-118.20998654172907,36.91629138416177],[-118.20999081363146,36.91656176039854],[-118.20987857150827,36.9165629037383],[-118.20987145235964,36.91611227665007],[-118.2093102449686,36.916117991651056],[-118.20930882181261,36.91602786620287],[-118.20942106317224,36.91602672342006],[-118.20941963989947,36.91593659798085],[-118.20919515744072,36.91593888343866],[-118.20919231143417,36.915758632542286],[-118.20930455240753,36.91575748987626],[-118.20930312927848,36.915667364428074],[-118.20919088843988,36.9156685070941],[-118.20918946545457,36.91557838163693],[-118.20885274329808,36.915581808979226],[-118.20885416588813,36.915671934445385],[-118.2089664067447,36.91567079210275],[-118.20897352044953,36.916121419379635],[-118.20886127892821,36.91612256174023],[-118.20885985631121,36.91603243628306],[-118.20863537352008,36.916034720689844],[-118.20863679587657,36.916124846147014],[-118.20874903740688,36.91612370400201],[-118.2087504599071,36.91621382945919],[-118.20919942648648,36.916209259774256],[-118.20920227255591,36.916389510652664],[-118.2090900306573,36.91639065324682],[-118.20909145357074,36.91648077868603],[-118.20886696948604,36.916483063550956],[-118.2088698147919,36.916663314447334],[-118.20875757248005,36.916664456727084],[-118.20875899501621,36.91675458217527],[-118.20864675256064,36.91675572435621],[-118.20864817497102,36.916845849804396],[-118.20853593237172,36.916846991877534],[-118.20853877694995,36.91702724279188],[-118.20876326265162,36.917024958519846],[-118.2087618400975,36.91693483307166],[-118.2090985682188,36.91693140588207],[-118.2090971452784,36.91684128044286],[-118.2092093878328,36.91684013783971],[-118.20920654170948,36.91665988697029],[-118.20987999535596,36.91665302915056],[-118.20988426693496,36.91692340538733],[-118.20999650958817,36.91692226203858],[-118.20999935759797,36.91710251284513],[-118.21011160051168,36.91710136937961],[-118.21011017636755,36.91701124397633],[-118.21022241912854,36.91701010041199],[-118.21021957059773,36.91682984961443],[-118.21033181309822,36.916828705951275],[-118.21033038871154,36.91673858055698],[-118.2104426310683,36.91673743678603]],[[-118.20976348196817,36.91638379612778],[-118.2097606345782,36.916203545285306],[-118.20953615136487,36.916205831398884],[-118.20953899822483,36.916386082259336],[-118.20976348196817,36.91638379612778]]]},"id":"+9231+1384","properties":{"count":109,"label":1}},{"type":"Feature","geometry":{"geodesic":false,"type":"Polygon","coordinates":[[[-118.20803304041092,36.856458059938525],[-118.20803162184532,36.856367933547105],[-118.20791946772108,36.856369073446324],[-118.20792088616092,36.856459199837744],[-118.20803304041092,36.856458059938525]]]},"id":"+9231+2041","properties":{"count":1,"label":1}},{"type":"Feature","geometry":{"geodesic":false,"type":"MultiPolygon","coordinates":[[[[-118.20901553727846,36.87609873270319],[-118.20900843365271,36.87564810239899],[-118.20912061591218,36.87564696096366],[-118.20911635341514,36.87537658276856],[-118.20922853527037,36.87537544123441],[-118.2092256933781,36.87519518910734],[-118.20911351178339,36.875196330632505],[-118.209112090972,36.875106204564474],[-118.20922427244095,36.875105063039314],[-118.20921858874625,36.874744558767205],[-118.2091064078163,36.8747457002744],[-118.20910782859174,36.87483582634243],[-118.2087712853527,36.874839250235205],[-118.20876986496353,36.87474912414921],[-118.20843332206584,36.8747525470718],[-118.2084319020809,36.874662420976826],[-118.20831972123179,36.87466356173842],[-118.20831688154938,36.8744833095305],[-118.20809252035421,36.87448559071233],[-118.20809110079149,36.87439546459939],[-118.20797892031966,36.87439660502861],[-118.20798033975663,36.87448673115053],[-118.20786815914107,36.87448787148094],[-118.20786957846126,36.87457799760286],[-118.20798175920258,36.87457685726348],[-118.20798459810345,36.87475710949835],[-118.20820896009812,36.87475482849618],[-118.20821321929834,36.875025206808054],[-118.20854976342672,36.87502178448734],[-118.20855118356437,36.87511191057333],[-118.20877554654719,36.875109628484196],[-118.20877696696331,36.87519975457019],[-118.20866478534165,36.875200895664165],[-118.20866620562303,36.87529102175016],[-118.20889056912686,36.87528873943645],[-118.20889483080644,36.8755591176585],[-118.20878264867274,36.87556025887824],[-118.20878833048097,36.87592076315933],[-118.20890051314468,36.875919621930606],[-118.20890335435423,36.87609987405768],[-118.20901553727846,36.87609873270319]]],[[[-118.20901553727846,36.87609873270319],[-118.20901695801797,36.87618885876224],[-118.20912914106796,36.87618771730894],[-118.20912772019369,36.876097591249895],[-118.20901553727846,36.87609873270319]]]]},"id":"+9233+1841","properties":{"count":69,"label":1}},{"type":"Feature","geometry":{"geodesic":false,"type":"Polygon","coordinates":[[[-118.20808400303174,36.87394483400772],[-118.20807406643401,36.873313951118305],[-118.20796188754322,36.87331509150261],[-118.20796330690833,36.87340521764251],[-118.20785112788279,36.87340635792799],[-118.20785822413336,36.87385698860051],[-118.20797040381467,36.873855848297055],[-118.2079718232157,36.87394597441898],[-118.20808400303174,36.87394483400772]]]},"id":"+9233+1853","properties":{"count":12,"label":1}},{"type":"Feature","geometry":{"geodesic":false,"type":"Polygon","coordinates":[[[-118.20799027600403,36.875117613941136],[-118.20798885651315,36.87502748782819],[-118.20787667511607,36.875028628176565],[-118.20787809446321,36.87511875428951],[-118.20799027600403,36.875117613941136]]]},"id":"+9234+1834","properties":{"count":1,"label":1}},{"type":"Feature","geometry":{"geodesic":false,"type":"Polygon","coordinates":[[[-118.20820044186836,36.874214071836484],[-118.20819902218885,36.87412394572354],[-118.20786248195917,36.874127366984254],[-118.20786390124341,36.87421749310618],[-118.20820044186836,36.874214071836484]]]},"id":"+9234+1844","properties":{"count":3,"label":1}},{"type":"Feature","geometry":{"geodesic":false,"type":"Polygon","coordinates":[[[-118.20769374128432,36.85628122652993],[-118.20769232311397,36.85619110012055],[-118.20758016924127,36.85619223969636],[-118.20758158726788,36.85628236610575],[-118.20769374128432,36.85628122652993]]]},"id":"+9234+2043","properties":{"count":1,"label":1}},{"type":"Feature","geometry":{"geodesic":false,"type":"Polygon","coordinates":[[[-118.20857433622147,36.919280378646285],[-118.20857291377516,36.91919025323403],[-118.20846066774429,36.91919139529818],[-118.20846209006484,36.919281520719416],[-118.20857433622147,36.919280378646285]]]},"id":"+9235+1344","properties":{"count":1,"label":1}},{"type":"Feature","geometry":{"geodesic":false,"type":"Polygon","coordinates":[[[-118.20855442253894,36.91801862267705],[-118.20855300018245,36.917928497237845],[-118.2084407560021,36.91792963925708],[-118.20844217822385,36.91801976469629],[-118.20855442253894,36.91801862267705]]]},"id":"+9235+1358","properties":{"count":1,"label":1}},{"type":"Feature","geometry":{"geodesic":false,"type":"Polygon","coordinates":[[[-118.20823451615286,36.876377098169826],[-118.20823167648841,36.87619684600682],[-118.20800731028065,36.87619912712577],[-118.20800447117315,36.876018874944805],[-118.20778010546844,36.876021155623576],[-118.20778436334814,36.876291533917495],[-118.20800872985235,36.876289253211766],[-118.20801014942407,36.87637937930674],[-118.20823451615286,36.876377098169826]]]},"id":"+9235+1823","properties":{"count":10,"label":1}},{"type":"Feature","geometry":{"geodesic":false,"type":"Polygon","coordinates":[[[-118.20775739771096,36.87457913782547],[-118.20775455934907,36.87439888558162],[-118.20764237885929,36.87440002568744],[-118.20764521695168,36.87458027794926],[-118.20775739771096,36.87457913782547]]]},"id":"+9236+1841","properties":{"count":2,"label":1}},{"type":"Feature","geometry":{"geodesic":false,"type":"MultiPolygon","coordinates":[[[[-118.20876610777782,36.917205209398254],[-118.20887835088917,36.91720406710054],[-118.20887692819132,36.917113941661334],[-118.20876468521472,36.917115083959054],[-118.20876610777782,36.917205209398254]]],[[[-118.20831713527853,36.91720977755605],[-118.20831571324544,36.91711965209888],[-118.2082034702329,36.917120793866594],[-118.20820489214024,36.917210919323765],[-118.20831713527853,36.91720977755605]]],[[[-118.20876610777782,36.917205209398254],[-118.20865386466647,36.91720635159716],[-118.20865244222914,36.91711622614897],[-118.20842795624898,36.917118510223375],[-118.20842937841682,36.917208635671564],[-118.20831713527853,36.91720977755605],[-118.20831855732959,36.91729990300425],[-118.2087675303499,36.91729533484645],[-118.20876610777782,36.917205209398254]]]]},"id":"+9237+1367","properties":{"count":8,"label":1}},{"type":"Feature","geometry":{"geodesic":false,"type":"Polygon","coordinates":[[[-118.20735444370281,36.85610439211523],[-118.20735302594571,36.85601426569686],[-118.20724087230656,36.85601540494928],[-118.20724228992893,36.85610553136765],[-118.20735444370281,36.85610439211523]]]},"id":"+9237+2045","properties":{"count":1,"label":1}},{"type":"Feature","geometry":{"geodesic":false,"type":"Polygon","coordinates":[[[-118.20801026177637,36.919105837064556],[-118.20800884000377,36.91901571162535],[-118.20789659419749,36.91901685315052],[-118.20789801584431,36.919106978598705],[-118.20801026177637,36.919105837064556]]]},"id":"+9240+1346","properties":{"count":1,"label":1}},{"type":"Feature","geometry":{"geodesic":false,"type":"Polygon","coordinates":[[[-118.20701514766641,36.855927556703385],[-118.20701373031355,36.85583743026705],[-118.20690157692593,36.85583856919608],[-118.20690299414406,36.85592869563242],[-118.20701514766641,36.855927556703385]]]},"id":"+9240+2047","properties":{"count":1,"label":1}},{"type":"Feature","geometry":{"geodesic":false,"type":"Polygon","coordinates":[[[-118.2059972688458,36.85539704444018],[-118.20599585272362,36.85530691796791],[-118.20588370006365,36.85530805591778],[-118.20588511606006,36.85539818239903],[-118.2059972688458,36.85539704444018]]]},"id":"+9249+2053","properties":{"count":1,"label":1}},{"type":"Feature","geometry":{"geodesic":false,"type":"MultiPolygon","coordinates":[[[[-118.20565797900778,36.85522020502185],[-118.20565656328085,36.855130078531616],[-118.2055444108724,36.85513121615809],[-118.2055458264556,36.85522134264833],[-118.20565797900778,36.85522020502185]]],[[[-118.20565797900778,36.85522020502185],[-118.20565939472571,36.85531033151209],[-118.20577154740367,36.85530919376883],[-118.205770131542,36.85521906728758],[-118.20565797900778,36.85522020502185]]]]},"id":"+9252+2055","properties":{"count":2,"label":1}},{"type":"Feature","geometry":{"geodesic":false,"type":"MultiPolygon","coordinates":[[[[-118.20713692135496,36.870799538161464],[-118.20680039557917,36.8708029561523],[-118.20680181344407,36.87089308236406],[-118.20668963803875,36.87089422149072],[-118.20669105578688,36.87098434770248],[-118.20657888023783,36.870985486721345],[-118.20658313311391,36.871255865365605],[-118.20635878122529,36.871258143106886],[-118.20635736385445,36.871168016886145],[-118.20624518802693,36.87116915559958],[-118.20624377079982,36.87107902936986],[-118.2063559464926,36.871077890665404],[-118.20635452913973,36.87098776444466],[-118.20624235358169,36.87098890314912],[-118.20624093636357,36.8708987769194],[-118.20612876092231,36.87089991550707],[-118.20612734384791,36.870809789277345],[-118.20601516853243,36.87081092775722],[-118.20601375159278,36.870720801518516],[-118.2057894012223,36.870723078163856],[-118.20578798455216,36.870632951916164],[-118.20556363441524,36.87063522812133],[-118.20556788365316,36.87090560689135],[-118.20545570817596,36.87090674484122],[-118.2054571244778,36.870996871097894],[-118.20523277324496,36.87099914671017],[-118.20523135721261,36.870909020444515],[-118.20511918171745,36.87091015807997],[-118.20512201353063,36.87109041061129],[-118.20534636503297,36.871088135214606],[-118.20534778120906,36.87117826147128],[-118.2054599570815,36.87117712360226],[-118.20546420604093,36.87144750235431],[-118.20535202977322,36.871448640232316],[-118.20535486217928,36.87162889272769],[-118.20524268564208,36.871630030506886],[-118.20524835000504,36.871990535497645],[-118.20536052707224,36.87198939770947],[-118.20536335955016,36.87216965018689],[-118.20547553687788,36.87216851228193],[-118.20547695326057,36.87225863852064],[-118.20558913070506,36.87225750050789],[-118.2055905472315,36.872347626737614],[-118.20570272480175,36.87234648861706],[-118.20570414146292,36.8724366148378],[-118.20581631915894,36.87243547660946],[-118.20582765371493,36.873156486321484],[-118.2057154749589,36.873157624585765],[-118.20571405825281,36.873067498374006],[-118.20548970098328,36.87306977457019],[-118.2054925338834,36.87325002701167],[-118.20560471278317,36.87324888896299],[-118.20560612937247,36.87333901517475],[-118.205718308398,36.873337877009284],[-118.20571972512207,36.873428003221036],[-118.20583190427335,36.873426864947774],[-118.20583332114114,36.87351699115055],[-118.20605767968628,36.87351471428063],[-118.20605909681457,36.87360484047442],[-118.20617127620841,36.87360370187777],[-118.20617269348942,36.87369382806258],[-118.20650923202129,36.87369041162582],[-118.20651064969755,36.87378053780164],[-118.20673500896135,36.87377825963815],[-118.20673784485287,36.873958511971836],[-118.20662566496495,36.873959651116465],[-118.20662708279393,36.874049777283304],[-118.20673926280762,36.874048638138675],[-118.20674351672574,36.874319016630224],[-118.20685569713467,36.87431787736881],[-118.20685995149299,36.8745882558334],[-118.20697213229718,36.87458711645522],[-118.20697780539176,36.874947621041734],[-118.20720216802424,36.87494534193501],[-118.20720500513747,36.87512559419683],[-118.2073171867142,36.87512445447728],[-118.2073200241149,36.875304706739094],[-118.20743220594318,36.875303566902765],[-118.20743504363134,36.875483819146616],[-118.20754722572012,36.87548267920249],[-118.20755006369573,36.87566293142837],[-118.20766224604503,36.87566179136746],[-118.2076650843081,36.87584204359335],[-118.20777726690893,36.87584090341566],[-118.2077786861842,36.87593102951962],[-118.20789086891078,36.87592988923413],[-118.20788803009974,36.87574963703519],[-118.20777584764265,36.8757507773117],[-118.20777300911907,36.875570525094794],[-118.2076608269135,36.87557166526351],[-118.20765373138157,36.875121034689805],[-118.207429368273,36.875123314658914],[-118.20742369301347,36.87476281013527],[-118.2073115119847,36.87476394995364],[-118.20730867465588,36.874583697673856],[-118.20742085542413,36.87458255787346],[-118.20741801786176,36.87440230560266],[-118.207305837354,36.87440344539407],[-118.2072973255921,36.873862688527765],[-118.20718514586588,36.873863828193414],[-118.2071780535679,36.87341319741311],[-118.20706587449745,36.87341433695299],[-118.20706303788728,36.87323408461931],[-118.20683868024943,36.87323636337569],[-118.20683726221384,36.87314623719987],[-118.20650072610742,36.87314965452595],[-118.20649789084473,36.872969402156336],[-118.20638571239411,36.87297054104045],[-118.20638287742786,36.87279028865287],[-118.20627069922878,36.87279142742919],[-118.20626502989813,36.87243092261809],[-118.20637720756721,36.87242978385974],[-118.20637579011553,36.872339657656966],[-118.20648796764986,36.87233851879081],[-118.20647662722787,36.87161750915065],[-118.20658880370219,36.871616370203654],[-118.20658596839458,36.871436117789116],[-118.2066981445994,36.87143497875229],[-118.20669389129213,36.871164600126],[-118.20680606709271,36.87116346099035],[-118.20680464920085,36.871073334787575],[-118.20691682486668,36.87107219554414],[-118.20691540684906,36.87098206934136],[-118.20702758237115,36.87098093000809],[-118.20702616423675,36.87089080380531],[-118.20713833961513,36.870889664364235],[-118.20713692135496,36.870799538161464]]],[[[-118.20713692135496,36.870799538161464],[-118.20724909659859,36.870798398621574],[-118.20724625982672,36.87061814622501],[-118.2071340848436,36.870619285755915],[-118.20713692135496,36.870799538161464]]]]},"id":"+9254+1883","properties":{"count":384,"label":1}},{"type":"Feature","geometry":{"geodesic":false,"type":"MultiPolygon","coordinates":[[[[-118.20520512322628,36.854954375392296],[-118.20520370805632,36.85486424889308],[-118.20509155600719,36.85486538607938],[-118.20509297105139,36.85495551259657],[-118.20520512322628,36.854954375392296]]],[[[-118.20520512322628,36.854954375392296],[-118.20520653840522,36.8550445019005],[-118.20531869070588,36.85504336459742],[-118.20531727540117,36.8549532380982],[-118.20520512322628,36.854954375392296]]]]},"id":"+9256+2058","properties":{"count":2,"label":1}},{"type":"Feature","geometry":{"geodesic":false,"type":"Polygon","coordinates":[[[-118.20500417470558,36.87073104307632],[-118.20499992747989,36.8704606642524],[-118.20488775263154,36.870461801654294],[-118.2048849214382,36.870281549096035],[-118.20454839765667,36.87028496066392],[-118.20455122805947,36.870465213258115],[-118.20466340291684,36.870464076161646],[-118.2046662336071,36.870644328737875],[-118.2043297082086,36.87064773972186],[-118.20433112316297,36.870737866014466],[-118.20421894788342,36.87073900280551],[-118.204220362721,36.87082912909811],[-118.20444471353164,36.870826855417214],[-118.20444612863874,36.87091698170084],[-118.20467047969193,36.870914707588746],[-118.20466906432434,36.87082458130512],[-118.20489341509005,36.870822306770826],[-118.20489199946195,36.870732180496184],[-118.20500417470558,36.87073104307632]]]},"id":"+9263+1887","properties":{"count":26,"label":1}},{"type":"Feature","geometry":{"geodesic":false,"type":"MultiPolygon","coordinates":[[[[-118.204411572453,36.85442157432954],[-118.20441015823525,36.854331447785405],[-118.2042980069407,36.854332584217126],[-118.2042994210237,36.85442271076126],[-118.204411572453,36.85442157432954]]],[[[-118.204411572453,36.85442157432954],[-118.20441298667075,36.85451170087368],[-118.2045251382258,36.85451056432518],[-118.20452372387331,36.854420437790026],[-118.204411572453,36.85442157432954]]]]},"id":"+9263+2064","properties":{"count":2,"label":1}},{"type":"Feature","geometry":{"geodesic":false,"type":"Polygon","coordinates":[[[-118.20395731197588,36.85406561319715],[-118.20395589831509,36.85397548663505],[-118.2038437475236,36.85397662262659],[-118.20384516104966,36.854066749188696],[-118.20395731197588,36.85406561319715]]]},"id":"+9267+2068","properties":{"count":1,"label":1}},{"type":"Feature","geometry":{"geodesic":false,"type":"MultiPolygon","coordinates":[[[[-118.2045413217709,36.86983432917394],[-118.20454273693188,36.869924455475534],[-118.2046549110077,36.86992331840601],[-118.20465349571197,36.86983319210442],[-118.2045413217709,36.86983432917394]]],[[[-118.20442773279461,36.869745339825094],[-118.20442207274357,36.8693848345828],[-118.20430989944929,36.86938597141876],[-118.20430848458476,36.86929584510819],[-118.20419631140726,36.86929698182737],[-118.20419489668645,36.86920685550781],[-118.20397055058297,36.86920912864074],[-118.20396913613166,36.869119002303215],[-118.20385696320568,36.869120138707984],[-118.20385554888014,36.86903001237046],[-118.20374337607993,36.86903114866743],[-118.20374479027073,36.86912127500495],[-118.20363261732679,36.86912241119412],[-118.20363403139183,36.869212537540626],[-118.20352185831314,36.86921367363099],[-118.20352327224343,36.869303799968506],[-118.20341109903,36.869304935960045],[-118.20341251284351,36.86939506230655],[-118.2035246861917,36.86939392631501],[-118.20352610013995,36.86948405265253],[-118.20363827361389,36.869482916553196],[-118.20363685953089,36.86939279021567],[-118.20374903287009,36.86939165401752],[-118.20374761866132,36.869301527679994],[-118.20408413822975,36.86929811845671],[-118.20408555283377,36.86938824477627],[-118.20419772614602,36.869387108155905],[-118.2041991408848,36.86947723447546],[-118.20431131431383,36.869476097738314],[-118.20431555897032,36.86974647667902],[-118.20442773279461,36.869745339825094]]],[[[-118.20442773279461,36.869745339825094],[-118.20442914782085,36.86983546613566],[-118.2045413217709,36.86983432917394],[-118.20453990660992,36.869744202872354],[-118.20442773279461,36.869745339825094]]]]},"id":"+9270+1901","properties":{"count":23,"label":1}},{"type":"Feature","geometry":{"geodesic":false,"type":"Polygon","coordinates":[[[-118.20441582320906,36.91184100080599],[-118.20441440603585,36.911750875142204],[-118.20430217073985,36.91175201308309],[-118.20430358777831,36.91184213875586],[-118.20441582320906,36.91184100080599]]]},"id":"+9271+1427","properties":{"count":1,"label":1}},{"type":"Feature","geometry":{"geodesic":false,"type":"Polygon","coordinates":[[[-118.20315954089943,36.85326242359969],[-118.20315812820881,36.853172297001656],[-118.2030459785582,36.85317343222064],[-118.20304739111405,36.85326355882766],[-118.20315954089943,36.85326242359969]]]},"id":"+9274+2077","properties":{"count":1,"label":1}},{"type":"Feature","geometry":{"geodesic":false,"type":"MultiPolygon","coordinates":[[[[-118.2038560624919,36.91193681515911],[-118.2040805336678,36.91193454000497],[-118.20407911688986,36.91184441432322],[-118.20385464597446,36.91184668947736],[-118.2038560624919,36.91193681515911]]],[[[-118.20374524328214,36.91202807826971],[-118.20363300754597,36.912029215581775],[-118.20363442381188,36.91211934127251],[-118.2037466596828,36.91211820395146],[-118.20374524328214,36.91202807826971]]],[[[-118.2038560624919,36.91193681515911],[-118.20374382689047,36.911937952578974],[-118.20374524328214,36.91202807826971],[-118.20385747901832,36.91202694084985],[-118.2038560624919,36.91193681515911]]]]},"id":"+9275+1426","properties":{"count":4,"label":1}},{"type":"Feature","geometry":{"geodesic":false,"type":"MultiPolygon","coordinates":[[[[-118.20281744238885,36.85290532249622],[-118.20281603012941,36.85281519588022],[-118.20270388098186,36.852816330766835],[-118.20270529311551,36.852906457382836],[-118.20281744238885,36.85290532249622]]],[[[-118.20281744238885,36.85290532249622],[-118.20281885466623,36.85299544911222],[-118.20293100406533,36.85299431410883],[-118.20292959166217,36.85290418750181],[-118.20281744238885,36.85290532249622]]]]},"id":"+9277+2081","properties":{"count":2,"label":1}},{"type":"Feature","geometry":{"geodesic":false,"type":"Polygon","coordinates":[[[-118.20274088565166,36.869492002392455],[-118.20273947262866,36.869401876019],[-118.20262729923557,36.869403011273924],[-118.20262164771852,36.86904250577112],[-118.20250947484645,36.86904364090028],[-118.20250806211092,36.86895351451784],[-118.20239588936461,36.868954649530224],[-118.20239447677281,36.868864523147785],[-118.20228230415226,36.868865658052364],[-118.20228512908433,36.869045910835204],[-118.20239730196539,36.869044775921644],[-118.20240153980367,36.86931515506895],[-118.20228936652737,36.869316290000484],[-118.20229077902034,36.86940641638292],[-118.20251512583349,36.869404146412066],[-118.20251653859597,36.86949427278552],[-118.20274088565166,36.869492002392455]]]},"id":"+9283+1903","properties":{"count":14,"label":1}},{"type":"Feature","geometry":{"geodesic":false,"type":"Polygon","coordinates":[[[-118.20263279131962,36.912670326698],[-118.20263137620356,36.9125802009893],[-118.20251913961398,36.9125813372683],[-118.2025205545953,36.91267146298598],[-118.20263279131962,36.912670326698]]]},"id":"+9287+1418","properties":{"count":1,"label":1}},{"type":"Feature","geometry":{"geodesic":false,"type":"MultiPolygon","coordinates":[[[[-118.20229749585847,36.91276386095625],[-118.20218525898144,36.91276499692982],[-118.20218667358547,36.91285512265649],[-118.20229891058827,36.91285398668292],[-118.20229749585847,36.91276386095625]]],[[[-118.20229749585847,36.91276386095625],[-118.20240973272654,36.912762724883855],[-118.20240831787098,36.91267259916617],[-118.20229608112868,36.91267373522958],[-118.20229749585847,36.91276386095625]]]]},"id":"+9289+1417","properties":{"count":2,"label":1}},{"type":"Feature","geometry":{"geodesic":false,"type":"Polygon","coordinates":[[[-118.2014942725742,36.86869334661918],[-118.20149144953756,36.86851309377346],[-118.20137927739313,36.86851422782464],[-118.20138210016924,36.868694480679345],[-118.2014942725742,36.86869334661918]]]},"id":"+9291+1907","properties":{"count":2,"label":1}},{"type":"Feature","geometry":{"geodesic":false,"type":"Polygon","coordinates":[[[-118.2070219098515,36.870620425188],[-118.20701623743963,36.87025992034097],[-118.20690406296856,36.8702610596473],[-118.20690264501383,36.87017093342656],[-118.20679047066851,36.87017207262508],[-118.20678905284852,36.87008194640434],[-118.20656470440942,36.870084224478006],[-118.20656328685892,36.869994098248284],[-118.20633893865339,36.86999637589075],[-118.20633752137239,36.86990624964306],[-118.20622534739539,36.8699073883026],[-118.2062239302581,36.86981726205491],[-118.20611175639789,36.86981840060665],[-118.20610892240181,36.86963814810228],[-118.20599674880211,36.86963928653724],[-118.20599391509349,36.8694590340239],[-118.2058817417453,36.86946017234208],[-118.20587890832415,36.869279919810765],[-118.20576673524548,36.869281058021144],[-118.20576248554943,36.869010679206205],[-118.20598683092526,36.8690084027046],[-118.2059839972975,36.868828150164305],[-118.20587182488356,36.86882928846451],[-118.20586474159568,36.86837865708233],[-118.20575256982853,36.8683797952478],[-118.20575115332008,36.868289668964174],[-118.2056389816787,36.868290807030824],[-118.20563614894925,36.868110554445614],[-118.20541180616954,36.86811283023755],[-118.2054075579108,36.867842451332784],[-118.20507104489108,36.867845864194244],[-118.20507246057309,36.86793599050482],[-118.2051846317204,36.86793485298614],[-118.20518746337187,36.86811510560729],[-118.20507529196405,36.86811624313495],[-118.20507670766402,36.86820636944552],[-118.20496453612145,36.86820750686538],[-118.20496312054725,36.86811738055481],[-118.20485094912146,36.868118517866876],[-118.20484953369099,36.86802839154732],[-118.20473736239096,36.868029528751585],[-118.20473453180848,36.86784927610349],[-118.20462236076898,36.86785041319098],[-118.20462094561698,36.86776028686244],[-118.20428443285778,36.8677636974871],[-118.20428726238023,36.867943950171124],[-118.20417509117902,36.86794508684539],[-118.20417650581899,36.86803521318291],[-118.20406433448304,36.868036349758356],[-118.20406291997783,36.86794622341185],[-118.20395074876764,36.86794735987051],[-118.20394933439717,36.867857233515025],[-118.20406150547261,36.86785609706534],[-118.20405867649812,36.86767584436335],[-118.20394650568319,36.86767698081303],[-118.2039450913307,36.86758685445754],[-118.20372074995235,36.86758912702454],[-118.20371933586935,36.86749900066006],[-118.20360716529696,36.867500136786354],[-118.20360575135768,36.86741001042188],[-118.20371792179533,36.86740887429559],[-118.20371509366525,36.867228621557665],[-118.20360292349712,36.86722975767497],[-118.2036000956545,36.86704950492806],[-118.20348792573787,36.86705064092859],[-118.2034865119603,36.86696051454615],[-118.20337434216945,36.866961650438874],[-118.20337292852662,36.866871524047454],[-118.2030364195044,36.866874931069866],[-118.20303500626582,36.866784804678446],[-118.20281066716022,36.86678707548474],[-118.20280925418214,36.866696949084336],[-118.20269708475062,36.86669808432129],[-118.20269567191627,36.8666079579119],[-118.2021348253156,36.86661363252464],[-118.202133413146,36.86652350609729],[-118.20202124393906,36.86652464069644],[-118.20201983190421,36.8664345142601],[-118.20190766282303,36.866435648751455],[-118.20190625093191,36.86634552230614],[-118.2017940819765,36.86634665668969],[-118.20179267022013,36.86625653024438],[-118.20168050139047,36.866257664520134],[-118.20167908977784,36.86616753806583],[-118.20156692106497,36.8661686722338],[-118.20156550959607,36.866078545770506],[-118.20145334100894,36.86607967983067],[-118.20145192967479,36.865989553367385],[-118.2012275927521,36.86599182114635],[-118.20122900382574,36.866081947618625],[-118.20134117242183,36.866080813774055],[-118.20134540608296,36.866351193163915],[-118.20123323709161,36.86635232701747],[-118.20123747041137,36.86662270640733],[-118.20134963979798,36.86662157254479],[-118.20135105105129,36.86671169899909],[-118.20146322056367,36.86671056501977],[-118.20146463195172,36.866800691474076],[-118.20191331045038,36.866796154505785],[-118.20191472237742,36.866886280942126],[-118.20202689211438,36.8668851464328],[-118.20203818877941,36.86760615782468],[-118.2021503595674,36.86760502318061],[-118.20215459630974,36.86787540242674],[-118.20237893865826,36.867873132788255],[-118.20238035118717,36.867963259197644],[-118.20260469376925,36.86796098912797],[-118.20260610656766,36.868051115528374],[-118.20271827798446,36.86804998033634],[-118.20272110385079,36.86823023311019],[-118.2028332755281,36.86822909780137],[-118.2028389278716,36.868589603322135],[-118.20328761660207,36.86858506098192],[-118.20328903023591,36.86867518734639],[-118.20351337483021,36.868672915525],[-118.20351054705048,36.86849266281403],[-118.2038470631065,36.868489254327365],[-118.20384847738714,36.86857938066488],[-118.20418499377553,36.86857597120804],[-118.20418357909963,36.8684858448795],[-118.20440792306512,36.868483571387245],[-118.2044093380105,36.8685736977068],[-118.20452151011003,36.86857256079898],[-118.20452292519016,36.86866268711854],[-118.20485944186602,36.86865927574828],[-118.20485802639062,36.868569149437704],[-118.20508237054476,36.868566874669845],[-118.20508095481783,36.86847674836825],[-118.20541747060436,36.868473335425946],[-118.20541888673553,36.86856346171855],[-118.20553105878115,36.86856232385851],[-118.20553247504706,36.868652450142136],[-118.20564464721845,36.8686513121743],[-118.20564748002874,36.86883156474155],[-118.20531096269711,36.86883497835759],[-118.2053123787115,36.868925104650195],[-118.20520020612689,36.868926242312604],[-118.20520303791311,36.86910649489782],[-118.20531521076721,36.869105357226424],[-118.20531662679956,36.86919548351005],[-118.20542879977944,36.86919434573086],[-118.20543021595552,36.869284472014485],[-118.20554238906115,36.86928333411851],[-118.20554380537197,36.86937346040214],[-118.2056559785944,36.86937232239837],[-118.20565881150351,36.869552574938666],[-118.20577098499541,36.869551436827095],[-118.20577240158472,36.869641563092756],[-118.20588457519341,36.86964042486441],[-118.20588599192645,36.86973055113006],[-118.20599816566988,36.869729412793916],[-118.20600241630018,36.86999979155495],[-118.20611459042091,36.86999865310203],[-118.20611742447089,36.87017890559741],[-118.20634177323338,36.870176628368164],[-118.20634460783131,36.870356880836596],[-118.20645678246409,36.870355742051295],[-118.20645819990679,36.87044586828102],[-118.20657037466533,36.87044472938792],[-118.20657179224278,36.87053485561764],[-118.20668396712708,36.87053371661674],[-118.20668680256944,36.87071396904924],[-118.20691115285008,36.87071169071507],[-118.20690973485941,36.87062156450331],[-118.2070219098515,36.870620425188]],[[-118.20361706306952,36.86813102133765],[-118.20361564908532,36.86804089497318],[-118.20350347771344,36.86804203101862],[-118.20350489157187,36.868132157374106],[-118.20361706306952,36.86813102133765]]]},"id":"+9292+1935","properties":{"count":504,"label":1}},{"type":"Feature","geometry":{"geodesic":false,"type":"MultiPolygon","coordinates":[[[[-118.20162973031742,36.91313117815029],[-118.20151749287444,36.91313231349504],[-118.2015189067149,36.913222439239675],[-118.20163114428364,36.91322130389492],[-118.20162973031742,36.91313117815029]]],[[[-118.20162973031742,36.91313117815029],[-118.20174196775142,36.91313004269773],[-118.20174055365942,36.913039916962084],[-118.20162831636017,36.91304105240565],[-118.20162973031742,36.91313117815029]]]]},"id":"+9295+1413","properties":{"count":2,"label":1}},{"type":"Feature","geometry":{"geodesic":false,"type":"Polygon","coordinates":[[[-118.20093482134462,36.86878914227836],[-118.20093341047757,36.86869901583304],[-118.20059689314596,36.86870241610012],[-118.20059971409849,36.868882668999746],[-118.20071188681784,36.868881535676195],[-118.20071893996725,36.86933216787585],[-118.2008311133334,36.86933103442654],[-118.20082264877797,36.868790275808514],[-118.20093482134462,36.86878914227836]]]},"id":"+9298+1905","properties":{"count":10,"label":1}},{"type":"Feature","geometry":{"geodesic":false,"type":"Polygon","coordinates":[[[-118.20152119983534,36.920523755318364],[-118.20151978561759,36.920433629681526],[-118.20129528932479,36.9204359004429],[-118.20129387538552,36.920345774806066],[-118.20118162736038,36.92034691002505],[-118.20118445497842,36.92052716130771],[-118.20129670327304,36.920526026088716],[-118.2012981172213,36.920616151725554],[-118.20141036564169,36.92061501638978],[-118.20140895155869,36.920524890752944],[-118.20152119983534,36.920523755318364]]]},"id":"+9300+1332","properties":{"count":5,"label":1}},{"type":"Feature","geometry":{"geodesic":false,"type":"Polygon","coordinates":[[[-118.20129725871037,36.91340496112201],[-118.20129584513042,36.91331483537738],[-118.20107136967853,36.91331710533925],[-118.2010741963174,36.913497356855466],[-118.20118643430835,36.913496221914954],[-118.20118502085417,36.91340609616134],[-118.20129725871037,36.91340496112201]]]},"id":"+9300+1410","properties":{"count":3,"label":1}},{"type":"Feature","geometry":{"geodesic":false,"type":"Polygon","coordinates":[[[-118.20128539187563,36.91980502092217],[-118.20128397798128,36.91971489527635],[-118.20105948376357,36.91971716555263],[-118.20106231104026,36.91989741687122],[-118.20117455840962,36.919896281777994],[-118.20117314464102,36.919806156123194],[-118.20128539187563,36.91980502092217]]]},"id":"+9301+1339","properties":{"count":3,"label":1}},{"type":"Feature","geometry":{"geodesic":false,"type":"MultiPolygon","coordinates":[[[[-118.20072556888726,36.919900821513096],[-118.20061332149095,36.91990195618411],[-118.20061473460377,36.91999208185688],[-118.20072698213482,36.919990947185866],[-118.20072556888726,36.919900821513096]]],[[[-118.20072556888726,36.919900821513096],[-118.20083781627459,36.919899686743264],[-118.20083640290125,36.919809561070494],[-118.20072415563969,36.91981069584931],[-118.20072556888726,36.919900821513096]]]]},"id":"+9304+1338","properties":{"count":2,"label":1}},{"type":"Feature","geometry":{"geodesic":false,"type":"Polygon","coordinates":[[[-118.20074030817494,36.91368101255542],[-118.2007388952328,36.91359088679282],[-118.20062665708915,36.913592021311125],[-118.20062806989654,36.91368214707372],[-118.20074030817494,36.91368101255542]]]},"id":"+9304+1407","properties":{"count":1,"label":1}},{"type":"Feature","geometry":{"geodesic":false,"type":"Polygon","coordinates":[[[-118.2007368750475,36.9206218268144],[-118.200735461755,36.92053170115061],[-118.20062321343343,36.920532835848576],[-118.20062462660016,36.920622961512365],[-118.2007368750475,36.9206218268144]]]},"id":"+9305+1330","properties":{"count":1,"label":1}},{"type":"Feature","geometry":{"geodesic":false,"type":"Polygon","coordinates":[[[-118.2004064184245,36.91386466734807],[-118.20040500586865,36.91377454157649],[-118.20018052898843,36.91377680988546],[-118.20018335358813,36.913957061437614],[-118.20029559228874,36.91395592732355],[-118.20029417985864,36.91386580155197],[-118.2004064184245,36.91386466734807]]]},"id":"+9308+1405","properties":{"count":3,"label":1}},{"type":"Feature","geometry":{"geodesic":false,"type":"MultiPolygon","coordinates":[[[[-118.19996028820377,36.91404945511393],[-118.20007252704812,36.91404832121546],[-118.20007111487853,36.913958195434894],[-118.19995887615994,36.913959329333366],[-118.19996028820377,36.91404945511393]]],[[[-118.19973722227144,36.914141848386],[-118.19951274426833,36.9141441154553],[-118.19951415580013,36.914234241244856],[-118.19928967750955,36.91423650789194],[-118.19929108877186,36.91432663369946],[-118.19906661019382,36.91432889992434],[-118.1990680212046,36.91441902573186],[-118.19895578177635,36.91442015869608],[-118.19895719266134,36.91451028450359],[-118.19873271350839,36.91451255011762],[-118.19873412414186,36.91460267592514],[-118.19850964470146,36.914604941125944],[-118.19851105507442,36.91469506694244],[-118.19839881521497,36.91469619938564],[-118.19840022546218,36.91478632521112],[-118.198287985459,36.91478745754652],[-118.19828939558043,36.914877583372004],[-118.19851387582933,36.91487531858442],[-118.19851246544738,36.91478519275894],[-118.19873694540881,36.914782927558136],[-118.19873553477534,36.91469280174164],[-118.19884777461682,36.914691668984034],[-118.1988463638486,36.914601543176516],[-118.19918308293286,36.91459814426589],[-118.19918167177836,36.91450801846736],[-118.19929391133238,36.914506885296525],[-118.19929250005211,36.914416759497996],[-118.19940473946241,36.914415626219366],[-118.19940332805638,36.91432550042083],[-118.19962780659847,36.91432323354916],[-118.19962639493194,36.914233107759614],[-118.19973863406375,36.91423197417556],[-118.19973722227144,36.914141848386]]],[[[-118.19996028820377,36.91404945511393],[-118.19973581048812,36.914051722596454],[-118.19973722227144,36.914141848386],[-118.1999617002476,36.9141395808945],[-118.19996028820377,36.91404945511393]]]]},"id":"+9310+1403","properties":{"count":26,"label":1}},{"type":"Feature","geometry":{"geodesic":false,"type":"Polygon","coordinates":[[[-118.1997125179813,36.919730778326006],[-118.19971110593747,36.9196406526173],[-118.19959885888251,36.91964178632713],[-118.19960027079159,36.91973191203582],[-118.1997125179813,36.919730778326006]]]},"id":"+9314+1340","properties":{"count":1,"label":1}},{"type":"Feature","geometry":{"geodesic":false,"type":"Polygon","coordinates":[[[-118.20015444388888,36.91927561396405],[-118.20015303135096,36.919185488273314],[-118.19959179942694,36.91919115776565],[-118.19959321130906,36.919281283474355],[-118.20015444388888,36.91927561396405]]]},"id":"+9314+1345","properties":{"count":5,"label":1}},{"type":"Feature","geometry":{"geodesic":false,"type":"Polygon","coordinates":[[[-118.19971957828129,36.9201814068246],[-118.19971675413973,36.920001155425155],[-118.19949225896981,36.920003422763955],[-118.19949508258136,36.92018367417237],[-118.19971957828129,36.9201814068246]]]},"id":"+9315+1336","properties":{"count":4,"label":1}},{"type":"Feature","geometry":{"geodesic":false,"type":"Polygon","coordinates":[[[-118.19936730661061,36.91919342481698],[-118.19936589500696,36.91910329909032],[-118.19925364872456,36.91910443245878],[-118.19925506020245,36.919194558185445],[-118.19936730661061,36.91919342481698]]]},"id":"+9317+1346","properties":{"count":1,"label":1}},{"type":"Feature","geometry":{"geodesic":false,"type":"Polygon","coordinates":[[[-118.19923040988309,36.91045122299711],[-118.1992289988813,36.9103610971357],[-118.19911676539989,36.910362230144834],[-118.19911817626694,36.910452356006246],[-118.19923040988309,36.91045122299711]]]},"id":"+9317+1443","properties":{"count":1,"label":1}},{"type":"Feature","geometry":{"geodesic":false,"type":"Polygon","coordinates":[[[-118.19901017489256,36.9107238665098],[-118.19900735339205,36.910543614777986],[-118.19889511963217,36.91054474758051],[-118.19889794087216,36.9107249993213],[-118.19901017489256,36.9107238665098]]]},"id":"+9319+1441","properties":{"count":2,"label":1}},{"type":"Feature","geometry":{"geodesic":false,"type":"Polygon","coordinates":[[[-118.20103147325098,36.86779661777782],[-118.20102865139114,36.867616364878195],[-118.20091648054027,36.86761749846225],[-118.20090942666323,36.867166866172774],[-118.20079725646815,36.867167999631064],[-118.20079443522815,36.86698774669551],[-118.20057009533203,36.8669900132887],[-118.20056868498602,36.866899886816434],[-118.20034434533245,36.86690215297843],[-118.20034293525593,36.8668120264882],[-118.20000642612592,36.8668154249317],[-118.20000501644466,36.86672529843248],[-118.19966850765601,36.8667286959058],[-118.199667098379,36.8666385693976],[-118.19955492890256,36.86663970167012],[-118.19955351976029,36.86654957515293],[-118.19932918104995,36.866551839383554],[-118.19932777217717,36.86646171285739],[-118.19910343370938,36.86646397665682],[-118.1991020251061,36.86637385012167],[-118.19898985599797,36.866374981864176],[-118.19898703907886,36.86619472878489],[-118.19909920792648,36.866193597051364],[-118.19909216508974,36.865742964348655],[-118.19920433328159,36.8657418325253],[-118.19920151592231,36.865561579446016],[-118.19908934799996,36.86556271125141],[-118.19908793946854,36.86547258470727],[-118.19897577166296,36.865473716404864],[-118.1989743632663,36.86538358985175],[-118.19886219559547,36.86538472144154],[-118.19886078733354,36.865294594879444],[-118.19874861978849,36.865295726361445],[-118.1987472116703,36.865205599799346],[-118.19863504424201,36.865206731173544],[-118.19863222828411,36.865026478031375],[-118.19852006111634,36.8650276092888],[-118.19851865327662,36.864937482717714],[-118.19818215214161,36.86494087584319],[-118.19818355958607,36.86503100243224],[-118.19807139240034,36.86503213326745],[-118.1980742070467,36.86521238644555],[-118.19796203958248,36.86521351718195],[-118.1979634467844,36.865303643771],[-118.19785127918543,36.8653047743996],[-118.19786253596527,36.86602578709403],[-118.19797470461526,36.8660246564295],[-118.19797611187107,36.86611478300957],[-118.19808828064683,36.86611365223724],[-118.1980910954459,36.86629390537941],[-118.1982032644732,36.8662927744903],[-118.19820467201646,36.8663829010524],[-118.1983168411785,36.86638177006447],[-118.19831824884753,36.86647189661759],[-118.19843041813532,36.86647076551288],[-118.19843323376983,36.866651018619116],[-118.19832106422152,36.86665214973281],[-118.1983224719175,36.86674227629491],[-118.19798596285038,36.86674566900716],[-118.1979873701511,36.86683579556926],[-118.19787520031534,36.86683692626972],[-118.19788223628895,36.867287559089206],[-118.19777006578843,36.86728868969984],[-118.19777287995869,36.86746894283303],[-118.19766070918867,36.86747007334485],[-118.19766211614804,36.86756019990695],[-118.19788645794857,36.86755793876653],[-118.19788786517744,36.86764806532863],[-118.19800003619898,36.86764693459223],[-118.19800144357157,36.86773706114535],[-118.1981136147099,36.86773593031013],[-118.19811642973355,36.86791618339841],[-118.19822860114137,36.86791505244641],[-118.1982314164435,36.8680953055257],[-118.19834358811183,36.86809417445692],[-118.19834499590662,36.86818430099208],[-118.19845716769174,36.8681831698155],[-118.19845857562129,36.86827329634167],[-118.19857074753216,36.8682721650573],[-118.19856933946787,36.86818203853113],[-118.198681511244,36.868180907147945],[-118.19867869486389,36.86800065410459],[-118.19879086637052,36.867999522613616],[-118.19878804975684,36.86781926957026],[-118.19890022099399,36.867818137989445],[-118.19889881256138,36.86772801146328],[-118.19901098365479,36.867726879783646],[-118.1990095751054,36.86763675326647],[-118.19923391701376,36.867634489583814],[-118.19922969059306,36.867364110041244],[-118.19911752003863,36.86736524192748],[-118.19911611138146,36.86727511540131],[-118.19889177050618,36.86727737884142],[-118.19889036211849,36.867187252315254],[-118.19877819180661,36.8671883838781],[-118.19877678355368,36.867098257342946],[-118.19866461336757,36.867099388789015],[-118.19866320524937,36.867009262253866],[-118.19855103518903,36.86701039359213],[-118.19854540330915,36.86664988740661],[-118.19910625092493,36.86664422972712],[-118.19910765953719,36.86673435625329],[-118.19921982917532,36.866733224394],[-118.1992226466963,36.86691347744633],[-118.19933481658596,36.86691234547026],[-118.1993390433031,36.86718272502181],[-118.19945121358803,36.867181592937946],[-118.19944980454457,36.86709146642076],[-118.19956197468576,36.86709033423808],[-118.19956056551655,36.86700020772987],[-118.199672735523,36.86699907543041],[-118.19967414481798,36.86708920193861],[-118.20012282530192,36.8670846716987],[-118.20012423513589,36.867174798188934],[-118.20034857560692,36.86717253243118],[-118.20034998571039,36.86726265890344],[-118.20046215606718,36.867261525867356],[-118.2004649765526,36.867441778811894],[-118.2005771471699,36.86744064565903],[-118.20058843043206,36.8681616573743],[-118.20047625876374,36.868162790554116],[-118.20048048970297,36.868433169934995],[-118.20059266175757,36.86843203673721],[-118.20059125131274,36.86834191028291],[-118.20092776706333,36.86833851006973],[-118.20091930213061,36.86779775137984],[-118.20103147325098,36.86779661777782]]]},"id":"+9319+1947","properties":{"count":395,"label":1}},{"type":"Feature","geometry":{"geodesic":false,"type":"Polygon","coordinates":[[[-118.19887255063745,36.90910273347448],[-118.19887114012974,36.90901260757713],[-118.19875890860666,36.90901374020897],[-118.1987603189886,36.90910386610632],[-118.19887255063745,36.90910273347448]]]},"id":"+9320+1458","properties":{"count":1,"label":1}},{"type":"Feature","geometry":{"geodesic":false,"type":"Polygon","coordinates":[[[-118.1991308743577,36.91126348873203],[-118.1991266416039,36.91099311116575],[-118.19867770392331,36.9109976422411],[-118.19868052469619,36.91117789397291],[-118.19879275939032,36.91117676135904],[-118.198794169916,36.91126688722045],[-118.1989064047359,36.91126575449878],[-118.19890781540529,36.91135588036019],[-118.19902005034197,36.911354747521735],[-118.19901863954681,36.911264621669304],[-118.1991308743577,36.91126348873203]]]},"id":"+9321+1436","properties":{"count":12,"label":1}},{"type":"Feature","geometry":{"geodesic":false,"type":"Polygon","coordinates":[[[-118.19841375426104,36.908476381992784],[-118.19841234431927,36.90838625607747],[-118.19830011370348,36.90838738826015],[-118.19829870390544,36.90829726233586],[-118.19807424290744,36.90829952637783],[-118.1980770619825,36.90847977824439],[-118.19841375426104,36.908476381992784]]]},"id":"+9326+1466","properties":{"count":5,"label":1}},{"type":"Feature","geometry":{"geodesic":false,"type":"MultiPolygon","coordinates":[[[[-118.19729614178263,36.91596927987666],[-118.19707165822794,36.915971542427435],[-118.19707306697495,36.916061668270885],[-118.19696082504937,36.91606279939356],[-118.19696223367063,36.91615292523701],[-118.19729895981564,36.91614953155458],[-118.19729614178263,36.91596927987666]]],[[[-118.19729614178263,36.91596927987666],[-118.19740838355548,36.91596814844856],[-118.19740697441321,36.91587802260511],[-118.19751921605132,36.91587689106922],[-118.19751639752424,36.91569663940029],[-118.19762863889285,36.91569550776558],[-118.1976258201322,36.91551525609665],[-118.19751357903309,36.91551638772238],[-118.19751498827416,36.91560651355684],[-118.1974027470403,36.91560764508375],[-118.19740556528892,36.91578789677065],[-118.19729332377656,36.91578902818977],[-118.19729614178263,36.91596927987666]]]]},"id":"+9332+1386","properties":{"count":12,"label":1}},{"type":"Feature","geometry":{"geodesic":false,"type":"Polygon","coordinates":[[[-118.19796060300567,36.90821053230385],[-118.19795919361187,36.908120406370564],[-118.19739804230265,36.90812606405005],[-118.1973994510317,36.908216190010286],[-118.19796060300567,36.90821053230385]]]},"id":"+9332+1468","properties":{"count":5,"label":1}},{"type":"Feature","geometry":{"geodesic":false,"type":"Polygon","coordinates":[[[-118.19728581201925,36.90812719527154],[-118.19728299483964,36.907946943351085],[-118.196946304753,36.90795033634181],[-118.19694771294304,36.90804046232001],[-118.19705994310966,36.90803933142191],[-118.19706135143447,36.90812945739113],[-118.19728581201925,36.90812719527154]]]},"id":"+9336+1470","properties":{"count":5,"label":1}},{"type":"Feature","geometry":{"geodesic":false,"type":"Polygon","coordinates":[[[-118.19638374695154,36.90786586322814],[-118.19638233943522,36.90777573723197],[-118.19627010962792,36.90777686748328],[-118.19627151700949,36.907866993479445],[-118.19638374695154,36.90786586322814]]]},"id":"+9342+1472","properties":{"count":1,"label":1}},{"type":"Feature","geometry":{"geodesic":false,"type":"Polygon","coordinates":[[[-118.19637248698267,36.90714485523189],[-118.19636967205783,36.9069646032216],[-118.19625744342733,36.90696573343698],[-118.19625603610864,36.90687560742285],[-118.19614380761288,36.906876737530425],[-118.19614240042894,36.906786611516296],[-118.19591794367997,36.90678887139907],[-118.19591653676552,36.90669874537596],[-118.19569208025911,36.90670100483653],[-118.19569348690406,36.906791130868626],[-118.19558125850712,36.906792260437214],[-118.19558407157244,36.906972512510386],[-118.1956963002299,36.90697138293281],[-118.19569911357371,36.90715163498802],[-118.19581134249167,36.907150505293664],[-118.19581274930731,36.90724063131678],[-118.19592497835103,36.90723950151463],[-118.19592638530142,36.90732962752876],[-118.19581415612294,36.90733075733989],[-118.19581556295654,36.90742088335402],[-118.1954788749989,36.90742427215859],[-118.19548028143724,36.90751439818171],[-118.1955925108942,36.90751326868499],[-118.19559391746729,36.90760339471708],[-118.19593060619748,36.90760000557114],[-118.19592779226078,36.90741975354289],[-118.19604002156501,36.907418623632935],[-118.19603861447091,36.90732849761881],[-118.19615084363141,36.90732736760106],[-118.19614943641153,36.907237241586934],[-118.1962616654373,36.907236111461394],[-118.19626025810064,36.907145985456246],[-118.19637248698267,36.90714485523189]]]},"id":"+9347+1484","properties":{"count":40,"label":1}},{"type":"Feature","geometry":{"geodesic":false,"type":"Polygon","coordinates":[[[-118.19435096099117,36.907075056978734],[-118.1943495559003,36.9069849309107],[-118.19423732717098,36.90698605921266],[-118.19423873211812,36.907076185289675],[-118.19435096099117,36.907075056978734]]]},"id":"+9360+1481","properties":{"count":1,"label":1}},{"type":"Feature","geometry":{"geodesic":false,"type":"Polygon","coordinates":[[[-118.19417551534494,36.90302051041385],[-118.19417411067627,36.90293038427396],[-118.19406188786685,36.90293151231541],[-118.19406329240975,36.90302163846429],[-118.19417551534494,36.90302051041385]]]},"id":"+9361+1526","properties":{"count":1,"label":1}},{"type":"Feature","geometry":{"geodesic":false,"type":"Polygon","coordinates":[[[-118.19178098320056,36.90061076865984],[-118.19177677801603,36.90034038988083],[-118.19166455890768,36.90034151558667],[-118.19165755105134,36.89989088425838],[-118.19176976949494,36.89988975857052],[-118.19176556446313,36.899619379764566],[-118.1916533464058,36.89962050543446],[-118.19165474794832,36.899710631709105],[-118.19154252975623,36.89971175728917],[-118.1915467340155,36.89998213611309],[-118.19143451542816,36.89998326159434],[-118.1914373180371,36.90016351414362],[-118.19132509917128,36.90016463951708],[-118.19133630880754,36.90088564969623],[-118.19156074863224,36.90088339876966],[-118.19155934714362,36.900793272504],[-118.19167156691674,36.900792146888],[-118.19166876369694,36.900611894374656],[-118.19178098320056,36.90061076865984]]]},"id":"+9382+1563","properties":{"count":36,"label":1}},{"type":"Feature","geometry":{"geodesic":false,"type":"Polygon","coordinates":[[[-118.1901788864812,36.905854966911555],[-118.1901760862528,36.905674714452104],[-118.19006385926622,36.905675838783516],[-118.19006665922512,36.90585609125195],[-118.1901788864812,36.905854966911555]]]},"id":"+9397+1496","properties":{"count":2,"label":1}},{"type":"Feature","geometry":{"geodesic":false,"type":"MultiPolygon","coordinates":[[[[-118.18918454765328,36.89964524352822],[-118.1891817503983,36.89946499080826],[-118.18906953246675,36.899466114043726],[-118.1890681339785,36.89937598767925],[-118.1891803517753,36.899374864452774],[-118.18917895316129,36.8992847380883],[-118.18929117082337,36.899283614763],[-118.18928697463097,36.899013235678574],[-118.18939919188881,36.89901211225446],[-118.18939639418467,36.8988318595345],[-118.18950861118199,36.898830736011575],[-118.18950721220865,36.89874060965609],[-118.18961942906225,36.89873948602536],[-118.18961663087302,36.89855923331439],[-118.18950441427994,36.89856035693613],[-118.18950161637817,36.898380104207185],[-118.18938940005458,36.89838122771214],[-118.18937261475503,36.89729971120374],[-118.18926039999451,36.897300834555985],[-118.18926179860853,36.897390960947405],[-118.18892515390478,36.89739433039329],[-118.18892655213251,36.89748445678471],[-118.18836547684772,36.89749007042879],[-118.1883668744107,36.89758019684716],[-118.18825465921002,36.897581319256176],[-118.18826024900382,36.89794182491169],[-118.1883724647435,36.8979407024847],[-118.18837665754924,36.898211081703884],[-118.1884888736752,36.89820995916012],[-118.18849726025685,36.8987507175356],[-118.18872169406285,36.89874847207976],[-118.18872309211092,36.8988385984622],[-118.18883530914418,36.89883747557708],[-118.1888478930501,36.899648612929184],[-118.18918454765328,36.89964524352822]]],[[[-118.19416287350666,36.90220937510092],[-118.1941642781304,36.90229950124979],[-118.19405205625523,36.902300629264296],[-118.19405065176623,36.90221050310644],[-118.19393843000785,36.902211631013145],[-118.19394123873431,36.90239188332886],[-118.19382901670642,36.902393011127764],[-118.19383042095288,36.90248313729461],[-118.19360597661863,36.902485392586996],[-118.19360316867369,36.90230514025331],[-118.1933787248425,36.902307395114505],[-118.19338012854996,36.90239752129033],[-118.19315568443132,36.902399775729315],[-118.19316129826403,36.902760280450586],[-118.19282463045562,36.902763661367956],[-118.19282322738596,36.90267353517416],[-118.19271100489993,36.90267466193102],[-118.19270819903909,36.90249440954344],[-118.19225931011007,36.902498915474936],[-118.19225790771415,36.902408789263184],[-118.19180901920735,36.9024132934789],[-118.19181042107327,36.90250341970862],[-118.19169819879386,36.902504545504286],[-118.19169679706269,36.902414419274564],[-118.19147235275538,36.90241667053351],[-118.19147095129371,36.9023265442948],[-118.19135872926583,36.902327669767075],[-118.1913573279389,36.902237543519384],[-118.19113288412568,36.90223979414053],[-118.19113148306825,36.902149667883855],[-118.1910192612829,36.90215079302375],[-118.19101085587255,36.90161003545676],[-118.19112307686737,36.901608910334836],[-118.19111887384778,36.90133853154685],[-118.19123109443836,36.90133740632611],[-118.19122689108642,36.90106702753812],[-118.19111467089108,36.90106815274089],[-118.19111607186767,36.90115827900655],[-118.19089163119855,36.90116052911566],[-118.1908958333827,36.901430907930596],[-118.19078361263941,36.90143203283692],[-118.19078501325667,36.901522159111565],[-118.19067279236964,36.901523283910095],[-118.19067419286114,36.90161341019372],[-118.19056197183936,36.90161453488446],[-118.19057037407866,36.90215529254128],[-118.19068259589095,36.902154167823596],[-118.19068399641837,36.90224429408925],[-118.19079621835643,36.90224316926377],[-118.19079761901861,36.90233329552044],[-118.19102206313725,36.902331045537096],[-118.19102346406892,36.90242117179377],[-118.19113568624952,36.90242004663591],[-118.19113708732492,36.9025101728836],[-118.19124930963129,36.90250904761795],[-118.19125071084143,36.90259917386563],[-118.19136293327357,36.90259804849218],[-118.19136713734417,36.902868427199316],[-118.19125491451679,36.90286955259074],[-118.19125771699996,36.90304980505917],[-118.19114549390308,36.90305093034279],[-118.19114829614371,36.90323118282021],[-118.19103607277734,36.903232308014005],[-118.19104027578794,36.90350268672114],[-118.19092805201733,36.903503811816115],[-118.19093225469555,36.90377419053224],[-118.19082003052068,36.9037753155284],[-118.19082143129066,36.90386544176711],[-118.19048475834387,36.90386881613576],[-118.19048335796916,36.90377868988807],[-118.19037113377634,36.90377981446203],[-118.1903669330744,36.903509435692],[-118.19025470926786,36.90351056014918],[-118.19025050902407,36.90324018136119],[-118.19013828561278,36.903241305701584],[-118.1901298860864,36.902700548053744],[-118.19001766345663,36.90270167226837],[-118.19001626368379,36.90261154598475],[-118.1899040411798,36.90261267009158],[-118.18990124193056,36.90243241751535],[-118.18978901967809,36.9024335415054],[-118.18978622071631,36.902253288911204],[-118.18967399872436,36.90225441278447],[-118.18967120005004,36.90207416019028],[-118.1895589783186,36.902075283946765],[-118.18955757912069,36.90198515764518],[-118.18933313590034,36.901987404843744],[-118.18933173697192,36.90189727852419],[-118.18921951548302,36.901898401966264],[-118.18921671791364,36.90171814931817],[-118.18910449668525,36.90171927264347],[-118.18910309804428,36.90162914631493],[-118.18921531913792,36.901628022998615],[-118.18921112284671,36.901357644021985],[-118.1893233435451,36.90135652060685],[-118.18932194466159,36.901266394278316],[-118.18943416522522,36.90126527076438],[-118.18943276621594,36.90117514443583],[-118.18965720704676,36.90117289709354],[-118.18965580778595,36.90108277077398],[-118.18976802806213,36.90108164694563],[-118.18976662866658,36.90099152063506],[-118.18987884880801,36.90099039669891],[-118.18987604978334,36.90081014406878],[-118.18998826964629,36.90080902004279],[-118.1899868700082,36.900718893732225],[-118.19021130946459,36.90071664536585],[-118.19020850968535,36.900536392744705],[-118.19032072913507,36.90053526841329],[-118.19031932911967,36.90044514211171],[-118.19043154843465,36.9004440176725],[-118.19042594791496,36.90008351244818],[-118.19031372913,36.900084636869416],[-118.19031232915054,36.89999451055884],[-118.19020011048235,36.89999563487228],[-118.19020570992406,36.900356140132544],[-118.19009349072587,36.90035726435615],[-118.19009489047177,36.90044739066673],[-118.18953379374419,36.900453010212736],[-118.18953239465407,36.90036288387521],[-118.18942017541994,36.90036400746102],[-118.18941877647354,36.900273881123496],[-118.1890821191305,36.90027725124312],[-118.18908072058835,36.90018712489661],[-118.18930515856252,36.900184878263985],[-118.18930096217251,36.89991449922447],[-118.18941318075086,36.89991337576443],[-118.18940898402846,36.899642996724914],[-118.18918454765328,36.89964524352822],[-118.18918734493522,36.899825496230214],[-118.18907512647364,36.89982661948364],[-118.18907932205518,36.90009699854112],[-118.18896710318937,36.90009812169574],[-118.18896850159676,36.90018824805123],[-118.18874406358665,36.90019049404605],[-118.18874546173355,36.90028062040154],[-118.18863324258926,36.90028174324175],[-118.18863464061937,36.90037186960622],[-118.18841020204331,36.900374114981204],[-118.18841579313968,36.90073462044807],[-118.18819135348565,36.900736865427795],[-118.1881927510127,36.90082699180125],[-118.18796831107122,36.900829236358774],[-118.1879655165561,36.90064898360288],[-118.18785329683689,36.90065010571545],[-118.18785189972306,36.90055997933301],[-118.18796411930752,36.90055885722044],[-118.18796272205896,36.900468730838],[-118.18785050260922,36.90046985295057],[-118.18784910550438,36.90037972655915],[-118.18740022815466,36.90038421391349],[-118.1874044179151,36.9006545931147],[-118.1875166376523,36.90065347142434],[-118.18751803437985,36.90074359781576],[-118.18774247410573,36.900741354111645],[-118.18774526810881,36.900921606876516],[-118.18785748823227,36.900920484862766],[-118.1878602825228,36.901100737618656],[-118.1879725028978,36.901099615488114],[-118.1879752974758,36.90127986822604],[-118.18808751811129,36.90127874597872],[-118.18808891553954,36.9013688723432],[-118.18820113630079,36.90136774998808],[-118.18820253386379,36.90145787635255],[-118.1885391965069,36.90145450864042],[-118.18854059447412,36.90154463498692],[-118.18865281546894,36.90154351220062],[-118.18865700981978,36.90181389122216],[-118.18843256703063,36.90181613671393],[-118.18843116917121,36.901726010367426],[-118.18831894789791,36.90172713294712],[-118.18832453883257,36.902087638342124],[-118.18843676063588,36.902086515744465],[-118.18843955640864,36.90226676842849],[-118.18855177847246,36.90226564572303],[-118.18855457453267,36.90244589838909],[-118.18866679684803,36.90244477556685],[-118.18867099137853,36.902715154543486],[-118.18878321408913,36.90271403160446],[-118.18878601074225,36.902894284252554],[-118.18889823370438,36.90289316119676],[-118.18890103064494,36.9030734138179],[-118.18901325386759,36.9030722906543],[-118.1890188483506,36.90343279587862],[-118.18913107209427,36.90343167258926],[-118.18913946479346,36.90397243036286],[-118.18925168931865,36.90397130694773],[-118.18926288098861,36.90469231719875],[-118.18937510656484,36.90469119364888],[-118.1893765056909,36.904781319923515],[-118.18948873139288,36.90478019625686],[-118.18949013064471,36.9048703225315],[-118.18960235648146,36.90486919875705],[-118.189603755877,36.9049593250227],[-118.18971598183053,36.90495820114045],[-118.18971878090011,36.9051384536538],[-118.18983100711414,36.905137329654764],[-118.18983380648015,36.90531758215913],[-118.18994603294573,36.9053164580523],[-118.1899488325992,36.9054967105387],[-118.19006105932527,36.905495586315084],[-118.19005825941129,36.90531533383767],[-118.19017048586787,36.90531420951525],[-118.19016488559072,36.90495370456041],[-118.19027711150831,36.904952580148155],[-118.19027291096808,36.90468220143203],[-118.1903851364904,36.904681076920966],[-118.19038373619654,36.904590950682255],[-118.19049596157514,36.90458982607237],[-118.19049456114654,36.904499699842646],[-118.19060678639937,36.90449857512496],[-118.19061238866179,36.90485908006182],[-118.19072461443565,36.90485795522736],[-118.19072881659285,36.90512833389856],[-118.190841042753,36.90512720894731],[-118.19084524536834,36.905397587600554],[-118.19095747191474,36.90539646253252],[-118.19095466989869,36.90521621010901],[-118.19106689617561,36.90521508495115],[-118.19106549504632,36.90512495873939],[-118.19117772118848,36.90512383347374],[-118.19117631993342,36.90503370727096],[-118.19128854593185,36.9050325818975],[-118.19128714455103,36.90494245569473],[-118.19151159626944,36.904940204651375],[-118.19151299791076,36.905030330845165],[-118.19162522389124,36.90502920516629],[-118.1916266256763,36.905119331360076],[-118.19173885178255,36.90511820556441],[-118.19174586145348,36.905568836488456],[-118.1916336346825,36.90556996230208],[-118.19163924200244,36.90593046702335],[-118.19175146929445,36.90592934120074],[-118.19175006732074,36.90583921502491],[-118.19197452162628,36.905836963056295],[-118.19198293513045,36.90637772004836],[-118.19175847924387,36.9063799720619],[-118.19175287126816,36.90601946737656],[-118.1916406438414,36.90602059320816],[-118.19165326072448,36.90683172874567],[-118.19131657485094,36.90683510571045],[-118.19131517334435,36.90674497952564],[-118.19086625928048,36.90674948064217],[-118.1908648583039,36.90665935444838],[-118.19052817308612,36.90666272915839],[-118.1905323748301,36.90693310776672],[-118.19064460364027,36.9069319829592],[-118.1906502065854,36.90729248773437],[-118.19076243590762,36.90729136280108],[-118.19076523768112,36.9074716151707],[-118.19087746727281,36.90747049012962],[-118.19088026933379,36.907650742490254],[-118.19110472902024,36.90764849207572],[-118.19110052513828,36.90737811355723],[-118.19121275457726,36.90737698820174],[-118.19121135316949,36.90728686202591],[-118.19109912386524,36.9072879873814],[-118.19109492006413,36.907017608844946],[-118.1912071489731,36.90701648350742],[-118.19120855036292,36.90710660968325],[-118.19132077939766,36.90710548422894],[-118.19132218093121,36.90719561039579],[-118.19143441009172,36.90719448484267],[-118.1914400168008,36.90755498949207],[-118.19166447616385,36.9075527380265],[-118.19166027032357,36.90728235955293],[-118.19177249960084,36.907281233676414],[-118.19176969548275,36.9071009813607],[-118.19165746646597,36.907102107237215],[-118.19165606454615,36.90701198107935],[-118.19176829342818,36.90701085520284],[-118.1917668913826,36.906920729044984],[-118.1918791201209,36.90691960306965],[-118.19187771794955,36.906829476911795],[-118.19198994655311,36.90682835083766],[-118.191988544256,36.9067382246798],[-118.19176408730941,36.90674047672028],[-118.19175988124454,36.90647009822874],[-118.19209656547416,36.906466720042246],[-118.19209796787906,36.906556846200104],[-118.1922101960694,36.90655571991935],[-118.19220739099907,36.90637546761262],[-118.1923196189199,36.906374341242035],[-118.19231681359805,36.9061940889353],[-118.19254126890073,36.90619183587972],[-118.19254267181768,36.906281962028594],[-118.19265489959479,36.90628083533461],[-118.19265630265545,36.90637096147451],[-118.19276853054934,36.90636983468171],[-118.19277274015357,36.90664021307444],[-118.19288496844271,36.906639086164866],[-118.19288917849612,36.90690946453963],[-118.19300140718052,36.90690833750429],[-118.19300281067238,36.906998463626216],[-118.19311503947357,36.90699733648308],[-118.19311644310916,36.907087462596024],[-118.19277975629238,36.907090843720006],[-118.19278256278204,36.90727109596386],[-118.19311925039833,36.907267714812924],[-118.19311784675374,36.90717758870897],[-118.19345453392086,36.907174206614805],[-118.19345312988102,36.90708408051983],[-118.19356535879,36.9070829529455],[-118.19356816713918,36.90726320513545],[-118.19345593796069,36.90726433271876],[-118.19345874606732,36.9074445849177],[-118.19334651661936,36.90744571239321],[-118.19335072843344,36.907716090687124],[-118.19346295827668,36.90771496319365],[-118.19346436235244,36.90780508928862],[-118.19357659232143,36.90780396168735],[-118.19357799654094,36.90789408777334],[-118.19391468679827,36.907890704322725],[-118.19391749604576,36.90807095647674],[-118.19369303535318,36.90807321222727],[-118.19369443971642,36.90816333830428],[-118.19380667019745,36.90816221047842],[-118.1938080747134,36.908252336555435],[-118.19392030532019,36.908251208612796],[-118.1939217099619,36.90834133468083],[-118.19403394069447,36.90834020663937],[-118.19402691686608,36.90788957629923],[-118.19425137699271,36.907887319928875],[-118.19424997198269,36.907797193860844],[-118.1948111215312,36.90779155109339],[-118.19481252720598,36.90788167713446],[-118.19492475722886,36.90788054825758],[-118.19491913405366,36.907520044084286],[-118.19480690456078,36.907521172943206],[-118.19480549891296,36.907431046893144],[-118.19458104016974,36.907433304287586],[-118.19457822942205,36.9072530521695],[-118.19446600030646,36.90725418069604],[-118.19446459507186,36.90716405462801],[-118.19435236608203,36.90716518305574],[-118.19435658139956,36.907435561259824],[-118.19424435200548,36.907436689588735],[-118.19424154204833,36.9072564374437],[-118.19401708377222,36.907258693769144],[-118.19401146499877,36.90689818943415],[-118.19389923637725,36.906899317421704],[-118.19390064092913,36.906989443507705],[-118.19367618339862,36.90699169917738],[-118.19366916202264,36.906541068675544],[-118.19355693390418,36.906542196330726],[-118.1935527215511,36.906271818000874],[-118.19377717697954,36.90626956260967],[-118.19377998573295,36.90644981480861],[-118.19389221370768,36.906448686946824],[-118.19389361822363,36.9065388130418],[-118.19411807440666,36.90653655699483],[-118.19411526484475,36.90635630481386],[-118.19445194827489,36.90635291996187],[-118.19444632764191,36.905992415626876],[-118.19455855490698,36.90599128715424],[-118.19455714963645,36.90590116106824],[-118.19444492249714,36.90590228954088],[-118.19444351735238,36.90581216345489],[-118.19433129034783,36.90581329181973],[-118.19432988534679,36.90572316573374],[-118.19421765845902,36.90572429399079],[-118.19422046820058,36.90590454618074],[-118.19410824104331,36.905905674338975],[-118.19410964579282,36.90599580043395],[-118.19388519119083,36.90599805644499],[-118.19388659567983,36.90608818254895],[-118.19366214079936,36.90609043813778],[-118.19366354502785,36.906180564250725],[-118.19355131743939,36.90618169188793],[-118.19354991334565,36.90609156577499],[-118.19321323094859,36.90609494804882],[-118.19321042356061,36.90591469579598],[-118.19309819634046,36.905915823002],[-118.19309679278571,36.90582569687109],[-118.19320901987112,36.90582456966507],[-118.19320621251907,36.90564431740325],[-118.19298175887828,36.90564657168952],[-118.19297614529708,36.90528606712097],[-118.19286391900219,36.905287194084444],[-118.19285970928118,36.905016815637815],[-118.19274748336359,36.90501794248451],[-118.19274608026699,36.904927816326655],[-118.19263385448414,36.90492894306555],[-118.19263245152227,36.904838816907684],[-118.1922957745241,36.90484219648657],[-118.19229437196647,36.90475207031074],[-118.19206992086791,36.90475432281835],[-118.19207132315603,36.90484444900316],[-118.19184687176103,36.90484670109754],[-118.19184546973341,36.90475657491273],[-118.19173324416617,36.90475770079823],[-118.1917318422733,36.90466757460444],[-118.19161961682283,36.90466870038213],[-118.1916182150737,36.90457857417936],[-118.19150598974899,36.90457969984926],[-118.19149898174892,36.90412906880844],[-118.19116230772416,36.90413244511745],[-118.19115810418354,36.903862066446244],[-118.1912703284662,36.90386094112669],[-118.19126892717522,36.903770814896966],[-118.19149337546204,36.903768563952426],[-118.19149057235005,36.903588311510944],[-118.19137834847163,36.90358943703711],[-118.19137274285849,36.9032289321272],[-118.1914849662069,36.90322780661899],[-118.19148076166917,36.90295742793881],[-118.19159298461334,36.90295630234077],[-118.19159158298098,36.90286617611105],[-118.1917038057904,36.9028650504142],[-118.19170100228314,36.90268479796374],[-118.19192544735401,36.902682546246645],[-118.19192684936365,36.902772672467385],[-118.19226351732479,36.902769294101226],[-118.19226491973869,36.902859420304004],[-118.19248936527667,36.9028571675269],[-118.19249076796905,36.90294729372069],[-118.1927152137406,36.90294504050341],[-118.19271661670246,36.90303516669721],[-118.19294106271656,36.90303291304874],[-118.19294246594791,36.90312303922456],[-118.19327913531042,36.90311965795685],[-118.19327773169279,36.90302953178102],[-118.19361440060614,36.90302614957008],[-118.19361299659325,36.902936023403235],[-118.19372521942063,36.90293489579298],[-118.19372381528198,36.90284476963512],[-118.19383603797462,36.90284364191706],[-118.1938346337102,36.90275351576818],[-118.1939468562591,36.90275238794233],[-118.19394545186893,36.90266226179345],[-118.19405767428309,36.90266113386878],[-118.19405907880801,36.90275126001766],[-118.19428352387888,36.902749003853906],[-118.19428492867331,36.9028391299938],[-118.19439715133001,36.902838001745735],[-118.19439434148964,36.90265774947493],[-118.19484323100255,36.902653235458594],[-118.19484463645274,36.90274336158053],[-118.19495685894775,36.902742232811434],[-118.19495123667087,36.90238172832373],[-118.19472679273188,36.902383985736144],[-118.19472819802935,36.90247411186705],[-118.19439153166722,36.90247749719515],[-118.194390126765,36.902387371055255],[-118.19450234876594,36.90238624271736],[-118.19449953871894,36.90220599043757],[-118.19416287350666,36.90220937510092]],[[-118.19049456114654,36.904499699842646],[-118.1904931607269,36.904409573594954],[-118.19038093560881,36.90441069819586],[-118.19038233590268,36.904500824443545],[-118.19049456114654,36.904499699842646]],[[-118.19422608775557,36.90626505055167],[-118.1942232779601,36.9060847983707],[-118.19411105054233,36.90608592653791],[-118.19411245530083,36.90617605263289],[-118.19400022773932,36.90617718069231],[-118.19400163238103,36.906267306787285],[-118.19422608775557,36.90626505055167]],[[-118.19242343016552,36.905832457852426],[-118.19242202741026,36.90574233169457],[-118.19230980042367,36.90574345815499],[-118.19231120304418,36.905833584312845],[-118.19242343016552,36.905832457852426]],[[-118.19094486305362,36.90458532659077],[-118.19094206114536,36.90440507414031],[-118.1907176109541,36.90440732407873],[-118.19072041232336,36.904587576547165],[-118.19094486305362,36.90458532659077]],[[-118.19090423793067,36.9019716655425],[-118.19090283715171,36.90188153927684],[-118.19079061575265,36.90188266420114],[-118.19079201639686,36.9019727904668],[-118.19090423793067,36.9019716655425]]],[[[-118.19405065176623,36.90221050310644],[-118.19416287350666,36.90220937510092],[-118.19416146889189,36.90211924894306],[-118.19404924727723,36.90212037694858],[-118.19405065176623,36.90221050310644]]]]},"id":"+9403+1589","properties":{"count":1641,"label":1}},{"type":"Feature","geometry":{"geodesic":false,"type":"Polygon","coordinates":[[[-118.17968578294942,36.88044986096068],[-118.17968439645368,36.88035973400333],[-118.17957220610039,36.88036084777055],[-118.17957359246138,36.88045097473689],[-118.17968578294942,36.88044986096068]]]},"id":"+9487+1778","properties":{"count":1,"label":1}}]}