{"type":"FeatureCollection","features":[{"type":"Feature","geometry":{"geodesic":false,"type":"Polygon","coordinates":[[[-118.22554941602587,36.87160261998804],[-118.22554797609834,36.871512494414084],[-118.22543580057624,36.871513651246545],[-118.22543724036902,36.8716037768205],[-118.22554941602587,36.87160261998804]]]},"id":"+9077+1871","properties":{"count":1,"label":1}},{"type":"Feature","geometry":{"geodesic":false,"type":"Polygon","coordinates":[[[-118.22531930608001,36.871244431213405],[-118.22531786643994,36.87115430563047],[-118.22520569142088,36.87115546223835],[-118.22520713093519,36.871245587830266],[-118.22531930608001,36.871244431213405]]]},"id":"+9079+1875","properties":{"count":1,"label":1}},{"type":"Feature","geometry":{"geodesic":false,"type":"Polygon","coordinates":[[[-118.2252028124282,36.87097521105451],[-118.22520137294083,36.87088508545361],[-118.22508919830807,36.8708862419447],[-118.22509063766967,36.87097636754561],[-118.2252028124282,36.87097521105451]]]},"id":"+9080+1878","properties":{"count":1,"label":1}},{"type":"Feature","geometry":{"geodesic":false,"type":"Polygon","coordinates":[[[-118.22497126683976,36.87052689590642],[-118.22496982764885,36.870436770296536],[-118.22485765366287,36.87043792655407],[-118.22485909272801,36.870528052163955],[-118.22497126683976,36.87052689590642]]]},"id":"+9082+1883","properties":{"count":1,"label":1}},{"type":"Feature","geometry":{"geodesic":false,"type":"Polygon","coordinates":[[[-118.22485621461567,36.8703478009352],[-118.2248547755595,36.87025767532531],[-118.22474260184302,36.87025883146607],[-118.22474404075545,36.870348957084936],[-118.22485621461567,36.8703478009352]]]},"id":"+9083+1885","properties":{"count":1,"label":1}},{"type":"Feature","geometry":{"geodesic":false,"type":"Polygon","coordinates":[[[-118.22358348888731,36.86792711949766],[-118.22358205146608,36.867836993806925],[-118.22346988122608,36.86783814868105],[-118.22347131852155,36.867928274380766],[-118.22358348888731,36.86792711949766]]]},"id":"+9094+1912","properties":{"count":1,"label":1}},{"type":"Feature","geometry":{"geodesic":false,"type":"Polygon","coordinates":[[[-118.22323691867105,36.86729970385371],[-118.223235481681,36.86720957813603],[-118.22312331234829,36.867210732668795],[-118.22312474920359,36.86730085838648],[-118.22323691867105,36.86729970385371]]]},"id":"+9097+1919","properties":{"count":1,"label":1}},{"type":"Feature","geometry":{"geodesic":false,"type":"Polygon","coordinates":[[[-118.22300539616931,36.86685138418709],[-118.2230039594757,36.86676125845145],[-118.22289179078979,36.866762412759634],[-118.22289322734864,36.86685253849529],[-118.22300539616931,36.86685138418709]]]},"id":"+9099+1924","properties":{"count":1,"label":1}},{"type":"Feature","geometry":{"geodesic":false,"type":"Polygon","coordinates":[[[-118.22289035423094,36.86667228702399],[-118.22288891769004,36.866582161288335],[-118.22277674925566,36.86658331547076],[-118.22277818567078,36.8666734412154],[-118.22289035423094,36.86667228702399]]]},"id":"+9100+1926","properties":{"count":1,"label":1}},{"type":"Feature","geometry":{"geodesic":false,"type":"Polygon","coordinates":[[[-118.22265883573569,36.86622396656686],[-118.22265739949124,36.86613384081324],[-118.22254523170363,36.86613499477109],[-118.22254666782231,36.8662251205247],[-118.22265883573569,36.86622396656686]]]},"id":"+9102+1931","properties":{"count":1,"label":1}},{"type":"Feature","geometry":{"geodesic":false,"type":"Polygon","coordinates":[[[-118.22254379558495,36.866044869017465],[-118.22254235947527,36.86595474325487],[-118.22243019194816,36.86595589710492],[-118.22243162792311,36.866046022867515],[-118.22254379558495,36.866044869017465]]]},"id":"+9103+1933","properties":{"count":1,"label":1}},{"type":"Feature","geometry":{"geodesic":false,"type":"Polygon","coordinates":[[[-118.22242732001624,36.865775645570736],[-118.22242588405925,36.86568551980813],[-118.22231371691844,36.86568667353242],[-118.22231515274066,36.865776799304],[-118.22242732001624,36.865775645570736]]]},"id":"+9104+1936","properties":{"count":1,"label":1}},{"type":"Feature","geometry":{"geodesic":false,"type":"Polygon","coordinates":[[[-118.2223122810962,36.86559654776084],[-118.22231084528295,36.86550642198925],[-118.22219867840263,36.86550757560574],[-118.22220011408115,36.86559770138631],[-118.2223122810962,36.86559654776084]]]},"id":"+9105+1938","properties":{"count":1,"label":1}},{"type":"Feature","geometry":{"geodesic":false,"type":"Polygon","coordinates":[[[-118.22173565960303,36.864610931008386],[-118.22173422451742,36.86452080520087],[-118.22162205904746,36.86452195825142],[-118.22162349400732,36.86461208405893],[-118.22173565960303,36.864610931008386]]]},"id":"+9110+1949","properties":{"count":1,"label":1}},{"type":"Feature","geometry":{"geodesic":false,"type":"Polygon","coordinates":[[[-118.22178855616191,36.87497654296706],[-118.22178568479593,36.874796291666435],[-118.22156132380736,36.874798598297545],[-118.22155988839836,36.874708472633756],[-118.22133552765234,36.874710778833666],[-118.22133839795833,36.874891030170225],[-118.22145057859184,36.87488987711069],[-118.22145201388408,36.87498000277448],[-118.22178855616191,36.87497654296706]]]},"id":"+9114+1836","properties":{"count":9,"label":1}},{"type":"Feature","geometry":{"geodesic":false,"type":"Polygon","coordinates":[[[-118.22111690645828,36.87507358730245],[-118.22111547155232,36.87498346162968],[-118.2210032907661,36.8749846143748],[-118.2210047255373,36.87507474004757],[-118.22111690645828,36.87507358730245]]]},"id":"+9117+1833","properties":{"count":1,"label":1}},{"type":"Feature","geometry":{"geodesic":false,"type":"Polygon","coordinates":[[[-118.22111116688838,36.87471308461137],[-118.22110973200937,36.87462295893861],[-118.22099755174416,36.87462411166576],[-118.22099898648841,36.87471423733853],[-118.22111116688838,36.87471308461137]]]},"id":"+9117+1837","properties":{"count":1,"label":1}},{"type":"Feature","geometry":{"geodesic":false,"type":"Polygon","coordinates":[[[-118.22131573682341,36.91572473699558],[-118.22131429957285,36.91563461194264],[-118.22120205928222,36.91563576595439],[-118.22120349640701,36.91572589100732],[-118.22131573682341,36.91572473699558]]]},"id":"+9121+1382","properties":{"count":1,"label":1}},{"type":"Feature","geometry":{"geodesic":false,"type":"Polygon","coordinates":[[[-118.21872598278352,36.90817958513569],[-118.21872454896453,36.90808945988513],[-118.21861231962436,36.90809061125583],[-118.2186137533086,36.908180736506395],[-118.21872598278352,36.90817958513569]]]},"id":"+9143+1466","properties":{"count":1,"label":1}},{"type":"Feature","geometry":{"geodesic":false,"type":"MultiPolygon","coordinates":[[[[-118.21850869167999,36.908632514013114],[-118.21862092181965,36.908631362732244],[-118.21861662069506,36.90836098699853],[-118.21850439095064,36.90836213827042],[-118.21850869167999,36.908632514013114]]],[[[-118.21828853137539,36.90890519201212],[-118.21817630081351,36.908906342987564],[-118.21817916724775,36.90908659348868],[-118.21806693641638,36.90908774436531],[-118.21807123572637,36.90935812012597],[-118.21818346694403,36.90935696924036],[-118.21818060047386,36.909176718739246],[-118.21829283143099,36.90917556775482],[-118.21828853137539,36.90890519201212]]],[[[-118.21850869167999,36.908632514013114],[-118.21839646153133,36.90863366518619],[-118.21839932845066,36.908813915687304],[-118.21851155886881,36.90881276450525],[-118.21850869167999,36.908632514013114]]],[[[-118.21839932845066,36.908813915687304],[-118.2182870980325,36.90881506676156],[-118.21828853137539,36.90890519201212],[-118.2184007619193,36.90890404093786],[-118.21839932845066,36.908813915687304]]]]},"id":"+9144+1463","properties":{"count":12,"label":1}},{"type":"Feature","geometry":{"geodesic":false,"type":"Polygon","coordinates":[[[-118.2186108859491,36.90800048599629],[-118.21860801860755,36.907820235495166],[-118.21849578965366,36.9078213867401],[-118.2184986567257,36.90800163725021],[-118.2186108859491,36.90800048599629]]]},"id":"+9144+1469","properties":{"count":2,"label":1}},{"type":"Feature","geometry":{"geodesic":false,"type":"Polygon","coordinates":[[[-118.21860658495027,36.907730110235626],[-118.21860371765364,36.90754985971654],[-118.218491489095,36.90755101095249],[-118.21849005559042,36.90746088569295],[-118.21837782715755,36.90746203681212],[-118.21838212730299,36.9077324126177],[-118.21860658495027,36.907730110235626]]]},"id":"+9145+1473","properties":{"count":5,"label":1}},{"type":"Feature","geometry":{"geodesic":false,"type":"Polygon","coordinates":[[[-118.21740594309458,36.91693669157818],[-118.21740307766645,36.916756441265704],[-118.21729083556122,36.916757591612324],[-118.21729226814952,36.916847716773056],[-118.21718002590954,36.91684886701188],[-118.21718145836309,36.916938992181585],[-118.21695697360465,36.916941292353805],[-118.21695840580668,36.91703141752352],[-118.21729513332612,36.91702796709451],[-118.21729370072883,36.91693784193378],[-118.21740594309458,36.91693669157818]]]},"id":"+9156+1370","properties":{"count":6,"label":1}},{"type":"Feature","geometry":{"geodesic":false,"type":"Polygon","coordinates":[[[-118.21725607995847,36.9004426142525],[-118.21725321659648,36.900262363427984],[-118.21714099865592,36.900263513190694],[-118.21713670405309,36.89999313692697],[-118.21702448649881,36.89999428657291],[-118.21702305511425,36.89990416115167],[-118.21691083768575,36.8999053106898],[-118.21690940643595,36.8998151852506],[-118.21679718913319,36.899816334680935],[-118.21679003362975,36.89936570747592],[-118.2165656003268,36.89936800597727],[-118.21656273869856,36.899187755071914],[-118.2164505223031,36.899188904151906],[-118.21645767575839,36.89963953143777],[-118.2165698928186,36.89963838233083],[-118.21657561621883,36.8999988841146],[-118.21646339863761,36.900000033230526],[-118.21646482937538,36.90009015867872],[-118.21657704709135,36.90008900955381],[-118.21657990884536,36.90026926043222],[-118.2164676908599,36.90027040956612],[-118.21647055238036,36.90045066044453],[-118.21658277062633,36.90044951131063],[-118.2165842015258,36.90053963674086],[-118.21635976476435,36.90054193491881],[-118.21636405670816,36.900812311236436],[-118.21647627548415,36.90081116219237],[-118.2164777062848,36.900901287622595],[-118.21636548737408,36.90090243667564],[-118.21638408654287,36.90207406722363],[-118.21649630716938,36.90207291812567],[-118.21649487629686,36.90198279271341],[-118.21660709677965,36.90198164350765],[-118.21660566578137,36.9018915180954],[-118.2167178861294,36.90189036879082],[-118.21671502388132,36.90171011797529],[-118.21682724395986,36.9017089685719],[-118.21682581271004,36.901618843159646],[-118.21693803265384,36.90161769365744],[-118.21693660127826,36.90152756825417],[-118.21704882108732,36.90152641864417],[-118.21704595809362,36.901346167837616],[-118.21715817762419,36.9013450181288],[-118.21714386174843,36.90044376403318],[-118.21725607995847,36.9004426142525]],[[-118.21680148250533,36.90008671098958],[-118.2168000513723,36.89999658555935],[-118.21668783380005,36.899997734890874],[-118.21668926479833,36.9000878603211],[-118.21680148250533,36.90008671098958]]]},"id":"+9161+1565","properties":{"count":148,"label":1}},{"type":"Feature","geometry":{"geodesic":false,"type":"Polygon","coordinates":[[[-118.21630598450577,36.87593419213739],[-118.2163045552053,36.875844066320894],[-118.21608019070433,36.875846362657306],[-118.21608304877526,36.876026614308266],[-118.21619523129525,36.87602546618049],[-118.21619380212054,36.87593534036399],[-118.21630598450577,36.87593419213739]]]},"id":"+9161+1824","properties":{"count":3,"label":1}},{"type":"Feature","geometry":{"geodesic":false,"type":"Polygon","coordinates":[[[-118.21638837881008,36.90234444346939],[-118.21638694805435,36.90225431805713],[-118.21627472715834,36.90225546705628],[-118.2162761577883,36.902345592477516],[-118.21638837881008,36.90234444346939]]]},"id":"+9163+1531","properties":{"count":1,"label":1}},{"type":"Feature","geometry":{"geodesic":false,"type":"Polygon","coordinates":[[[-118.21527226638345,36.860260309239024],[-118.21527083911317,36.86017018314404],[-118.2151586797338,36.86017132997825],[-118.21516010686933,36.860261456073225],[-118.21527226638345,36.860260309239024]]]},"id":"+9167+1998","properties":{"count":1,"label":1}},{"type":"Feature","geometry":{"geodesic":false,"type":"Polygon","coordinates":[[[-118.21628208779208,36.916858065140545],[-118.21628065639854,36.91676793994389],[-118.2161684142394,36.91676908923049],[-118.21616698298959,36.91667896402485],[-118.21605474094724,36.91668011320366],[-118.21605330983218,36.916589987998016],[-118.21594106792458,36.916591137060045],[-118.2159439298942,36.91677138748032],[-118.21605617207129,36.916770238409306],[-118.21605760319534,36.91686036361495],[-118.21628208779208,36.916858065140545]]]},"id":"+9168+1372","properties":{"count":5,"label":1}},{"type":"Feature","geometry":{"geodesic":false,"type":"Polygon","coordinates":[[[-118.21372578812728,36.87596057456134],[-118.21372721440042,36.87605070045869],[-118.21395157970089,36.87604840855097],[-118.21395300624353,36.876138534448316],[-118.21417737177757,36.87613624210941],[-118.21418022541081,36.876316493877155],[-118.21429240842487,36.87631534753702],[-118.21429383538073,36.876405473416405],[-118.21440601852953,36.87640432697746],[-118.21440744562912,36.87649445284785],[-118.21451962890369,36.876493306292126],[-118.21452391061568,36.87676368389433],[-118.21463609427653,36.87676253722182],[-118.2146375216546,36.876852663083234],[-118.2147497054412,36.87685151630293],[-118.214751132963,36.87694164215536],[-118.21486331687537,36.87694049525827],[-118.2148647445409,36.877030621110706],[-118.21497692857903,36.8770294741148],[-118.21498121198886,36.87729985164514],[-118.21520558083768,36.877297557302995],[-118.21520272469812,36.87711730563406],[-118.21531490884405,36.87711615830578],[-118.21531205247095,36.87693590663685],[-118.21519986857655,36.87693705395615],[-118.21519701249089,36.87675680226925],[-118.21497264522311,36.87675909656649],[-118.21497121744979,36.87666897072304],[-118.21530776794721,36.87666552912447],[-118.2153063397876,36.876575403290005],[-118.21519415642321,36.87657655058236],[-118.21519130039147,36.87639629889546],[-118.21564003273514,36.87639170908826],[-118.21564146128101,36.87648183492273],[-118.21575364448371,36.876480687199184],[-118.21575221581207,36.876390561373704],[-118.21586439888002,36.87638941355135],[-118.21586011249677,36.87611903606592],[-118.21574792982409,36.876120183879294],[-118.21574935847777,36.876210309713755],[-118.21563717567032,36.87621145741933],[-118.21563431863245,36.8760312057504],[-118.2157465011794,36.876030058044826],[-118.21574507253469,36.87593993221036],[-118.2156328901225,36.87594107990695],[-118.21563146161256,36.8758509540635],[-118.21551927932614,36.87585210165229],[-118.21552070770134,36.87594222749574],[-118.2150719779628,36.87594681679988],[-118.21507340581697,36.8760369426613],[-118.21484904064226,36.87603923668904],[-118.21484761304859,36.87594911081864],[-118.21462324811644,36.87595140441519],[-118.2146246754406,36.87604153028559],[-118.21417594497441,36.87604611622105],[-118.21417451817126,36.875955990332685],[-118.21406233567824,36.87595713654705],[-118.2140594823594,36.87577688476134],[-118.2141716646009,36.87577573855595],[-118.21417023781572,36.87568561265861],[-118.21439460201125,36.87568331993342],[-118.21439317497455,36.87559319405404],[-118.21484190276377,36.87558860734603],[-118.21484047520603,36.87549848147563],[-118.21495265699838,36.87549733453363],[-118.21495122932386,36.87540720866323],[-118.21506341098146,36.875406061622414],[-118.2150605553719,36.8752258098906],[-118.21517273676001,36.875224662750966],[-118.21517130883397,36.875134536880566],[-118.21539567133169,36.87513224229587],[-118.21539424315412,36.87504211643446],[-118.21550642425477,36.875040968989396],[-118.21550071105939,36.87468046554373],[-118.21538853047977,36.87468161297981],[-118.21538710232915,36.87459148710941],[-118.21527492186631,36.8745926344377],[-118.21526920984773,36.87423213093814],[-118.2151570299149,36.87423327814065],[-118.21515560206072,36.87414315225229],[-118.21504342224468,36.87414429934701],[-118.21503913911333,36.87387392168191],[-118.21515131852514,36.87387277459618],[-118.21514989069792,36.87378264870782],[-118.21492553212582,36.873784942762505],[-118.21492695969253,36.87387506865087],[-118.21481478026277,36.87387621552101],[-118.21481763515365,36.874056467315704],[-118.21470545545438,36.87405761408703],[-118.21470688277856,36.87414773999336],[-118.21437034325854,36.87415117967851],[-118.21436891632963,36.87406105377219],[-118.2142567366034,36.8740622001213],[-118.21425816340656,36.874152326036615],[-118.21403380367565,36.87415461842044],[-118.21403808331254,36.874424996175364],[-118.21392590304733,36.87442614221906],[-118.21392732947318,36.87451626814335],[-118.21381514906425,36.87451741407924],[-118.21381657536433,36.87460754000354],[-118.21336785315367,36.87461212273201],[-118.2133664273746,36.874521996798734],[-118.2132542469387,36.874523142213604],[-118.21325282130337,36.87443301627134],[-118.21314064098426,36.874434161578414],[-118.21314206649383,36.87452428752067],[-118.21302988603998,36.87452543271995],[-118.21303131142379,36.874615558671195],[-118.21291913083519,36.87461670377165],[-118.21292340660933,36.87488708161641],[-118.2130355875932,36.87488593650697],[-118.21303843841471,36.87506618839149],[-118.21315061965011,36.87506504316527],[-118.2131520452046,36.87515516909855],[-118.21326422657472,36.87515402376453],[-118.21326565225498,36.87524414969781],[-118.21337783375088,36.87524300424701],[-118.21338068540784,36.8754232560956],[-118.21326850365142,36.875424401555385],[-118.213272780791,36.87569477932828],[-118.21338496294267,36.875693633859505],[-118.21338924053141,36.875964011614435],[-118.21372578812728,36.87596057456134]],[[-118.21372578812728,36.87596057456134],[-118.21383797064726,36.87595942866138],[-118.21383654425733,36.87586930275505],[-118.21372436186311,36.87587044865501],[-118.21372578812728,36.87596057456134]],[[-118.21541281003748,36.876213752516065],[-118.21540995352063,36.876033500829166],[-118.21518558839085,36.87603579548573],[-118.21518844437767,36.876216047190596],[-118.21541281003748,36.876213752516065]]]},"id":"+9171+1847","properties":{"count":419,"label":1}},{"type":"Feature","geometry":{"geodesic":false,"type":"Polygon","coordinates":[[[-118.21425617820165,36.90236625643298],[-118.21425474994322,36.902276130948856],[-118.21414252893044,36.90227727793578],[-118.2141439570541,36.9023674034199],[-118.21425617820165,36.90236625643298]]]},"id":"+9182+1531","properties":{"count":1,"label":1}},{"type":"Feature","geometry":{"geodesic":false,"type":"MultiPolygon","coordinates":[[[[-118.2168830675174,36.905223858419234],[-118.21688736203937,36.90549423446736],[-118.21699958765154,36.90549308480346],[-118.2169952927343,36.90522270876432],[-118.2168830675174,36.905223858419234]]],[[[-118.21676654822767,36.9049546318823],[-118.21676368554839,36.90477438116558],[-118.21665146097827,36.90477553058694],[-118.21665002978236,36.904685405219595],[-118.21642558088467,36.904687703738915],[-118.21642271903184,36.904507452986266],[-118.21631049483901,36.904508602075246],[-118.2163047717442,36.904148100534016],[-118.21641699540702,36.90414695145402],[-118.21641127188101,36.903786449903805],[-118.21674794126149,36.90378300207093],[-118.21675080380604,36.90396325283256],[-118.21686302718139,36.90396210333036],[-118.2168658900044,36.904142354074025],[-118.21664144272368,36.90414465297962],[-118.21664287388366,36.90423477835594],[-118.21686732143387,36.90423247945035],[-118.2168701843018,36.90441273018503],[-118.21698240833292,36.90441158055706],[-118.21698383990613,36.9045017059244],[-118.21732051234986,36.90449825641168],[-118.21732194432731,36.90458838176105],[-118.21743416860097,36.90458723171088],[-118.21743560071317,36.90467735705127],[-118.21732337631373,36.90467850711043],[-118.21732624030456,36.9048587578002],[-118.2174384649645,36.904857607741036],[-118.21743703283435,36.90476748240064],[-118.21754925735955,36.904766332233685],[-118.21755212188936,36.90494658290549],[-118.21766434667508,36.90494543262175],[-118.21766721149235,36.90512568328457],[-118.21755498644612,36.9051268335683],[-118.21755928332169,36.90539720956253],[-118.21767150876317,36.90539605926083],[-118.21767294119876,36.90548618458325],[-118.217785166766,36.90548503418273],[-118.21778803192464,36.9056652848186],[-118.2179002577524,36.905664134292316],[-118.21790455593052,36.905934510223666],[-118.2177923297075,36.90593566075893],[-118.21779376231378,36.90602578606339],[-118.217681535956,36.90602693649984],[-118.21768440092599,36.906207187117744],[-118.21779662754426,36.90620603668129],[-118.2177994928107,36.90638628729919],[-118.21768726591394,36.90638743774463],[-118.2176886984214,36.90647756304909],[-118.21780092544391,36.90647641260365],[-118.2178023580951,36.90656653789913],[-118.2179145852344,36.90656538734589],[-118.21791601802032,36.90665551264137],[-118.21802824529436,36.906654361971356],[-118.21802967821505,36.906744487266835],[-118.2182541329967,36.90674218560341],[-118.21825556619585,36.906832310889904],[-118.21836779371245,36.9068311598965],[-118.21836206044871,36.90647065876849],[-118.21847428743528,36.90646950768525],[-118.21847285400257,36.90637938240774],[-118.21813617342909,36.90638283532508],[-118.21813330738112,36.90620258473413],[-118.21835776057277,36.90620028290901],[-118.21835489402174,36.90602003232704],[-118.21846712034358,36.90601888126177],[-118.21846425355001,36.905838630688784],[-118.21857647960235,36.9058374795247],[-118.21857504608879,36.90574735423821],[-118.2186872719974,36.90574620296632],[-118.21868010384567,36.90529557652487],[-118.21856787859284,36.90529672777879],[-118.21856214470925,36.90493622657892],[-118.21878659415492,36.904933924017186],[-118.21878516043473,36.90484379872171],[-118.21889738502283,36.904842647279146],[-118.21889595117689,36.90475252198367],[-118.21867150227021,36.90475482475202],[-118.2186686351263,36.90457457415208],[-118.2182197383011,36.90457917838622],[-118.21821543921568,36.904308802418946],[-118.21799099155767,36.90431110388474],[-118.21798955880767,36.904220978553326],[-118.21787733509993,36.904222129115546],[-118.21787876771518,36.90431225445593],[-118.2177665438727,36.904313404919336],[-118.21776797636218,36.90440353025075],[-118.21765575237598,36.90440468061533],[-118.21765432001224,36.90431455527494],[-118.2175420961518,36.90431570552274],[-118.21754066393181,36.904225580182356],[-118.21731621646245,36.90422788036356],[-118.21731048868742,36.90386737893012],[-118.21719826547375,36.90386852884555],[-118.21719397010735,36.90359815275251],[-118.21708174727098,36.90359930255116],[-118.21707745236273,36.903328926431165],[-118.21696522992161,36.903330076113036],[-118.21696809292429,36.90351032686568],[-118.21685587021369,36.903511476448735],[-118.21685730159824,36.90360160183404],[-118.21618396440935,36.9036084971225],[-118.21618253381531,36.90351837171922],[-118.21595808830426,36.90352066929531],[-118.21595665797972,36.903430543892036],[-118.21584443534996,36.90343169251389],[-118.21583728451776,36.90298106542566],[-118.21572506253479,36.902982213921746],[-118.21571648252788,36.90244146134041],[-118.21582870372033,36.90244031286228],[-118.21582584351142,36.90226006200184],[-118.21548918070661,36.90226350709485],[-118.21548632131517,36.90208325619847],[-118.2155985419866,36.90208210795391],[-118.2155956823526,36.90190185705753],[-118.21548346194169,36.90190300530209],[-118.21548203226392,36.9018128798539],[-118.21559425254908,36.901811731609335],[-118.21558424406815,36.90118085344506],[-118.21569646341906,36.90117970511965],[-118.21569360365032,36.900999454214286],[-118.21546916546953,36.90100175073036],[-118.21546630624876,36.90082149979805],[-118.21535408741889,36.900822647889896],[-118.215346940144,36.900372020514205],[-118.21545915831811,36.90037087244032],[-118.21545772874816,36.90028074696518],[-118.21556994678753,36.90027959879248],[-118.2155685170918,36.90018947331735],[-118.21568073499641,36.90018832503685],[-118.21567930517493,36.90009819957069],[-118.21556708740506,36.90009934784221],[-118.21556279838975,36.89982897141679],[-118.21567501575538,36.89982782314527],[-118.21566786685455,36.89937719575161],[-118.2155556501447,36.899378343996176],[-118.21555422051185,36.899288218512055],[-118.21532978733468,36.89929051467779],[-118.21532835797133,36.89920038918468],[-118.21544057443865,36.89919924115571],[-118.21543914494953,36.899109115662604],[-118.21566357758772,36.89910681929925],[-118.21566071811542,36.89892656832202],[-118.21543628599825,36.89892886466741],[-118.21543485653609,36.89883873917431],[-118.21554707246442,36.89883759105551],[-118.21554421327959,36.89865734006032],[-118.21543199762075,36.89865848817013],[-118.21542913873236,36.89847823716595],[-118.21531692332506,36.898479385158986],[-118.21531835263451,36.89856951067006],[-118.21520613709247,36.898570658564275],[-118.21520756627615,36.898660784075346],[-118.21509535059036,36.898661931861774],[-118.21509677964828,36.898752057372846],[-118.21498456382776,36.89875320506943],[-118.21499027959231,36.89911370711372],[-118.21476584687328,36.899116002201474],[-118.21476441819266,36.8990258766904],[-118.21453998570719,36.89902817134696],[-118.21453570048277,36.89875779475985],[-118.21464791632125,36.89875664749445],[-118.21464220224554,36.8983961453783],[-118.21452998692807,36.89839729263471],[-118.21452855855287,36.89830716709669],[-118.21441634336117,36.898308314236324],[-118.21440634584867,36.89767743541628],[-118.21406970300443,36.89768087612551],[-118.21407398642323,36.89795125280246],[-118.21396177173457,36.89795239950192],[-118.21396319941807,36.89804252506689],[-118.21407541424148,36.89804137835845],[-118.21407826990492,36.89822162947042],[-118.21419048497984,36.89822048265418],[-118.21419334093073,36.89840073374819],[-118.21408112558632,36.89840188057342],[-118.21408398129468,36.898582131676406],[-118.21397176568077,36.89858327840282],[-118.21397319340917,36.89867340394982],[-118.21386097766052,36.89867455057742],[-118.2138581224642,36.89849429946544],[-118.21363369146994,36.898496592388256],[-118.21363654613624,36.898676843509215],[-118.21374876190286,36.89867569709721],[-118.21375161685664,36.89885594820919],[-118.21386383288377,36.89885480168041],[-118.21386954339319,36.899215303877405],[-118.21398175994135,36.899214157222865],[-118.21398604328829,36.899484533845914],[-118.21409826022273,36.89948338707458],[-118.2141011160838,36.89966363814165],[-118.21432555045573,36.8996613442756],[-118.21432697866025,36.89975146980464],[-118.21443919597198,36.89975032270992],[-118.21444490938295,36.90011082476319],[-118.21433269154122,36.90011197187587],[-118.21433554802212,36.900292222907005],[-118.21444776612437,36.90029107578533],[-118.21445062289274,36.90047132680748],[-118.214338404521,36.90047247392915],[-118.21433697627155,36.90038234841808],[-118.2141125397796,36.90038464233802],[-118.21411396777751,36.90047476785807],[-118.21422618614925,36.900473620952],[-118.21423903954977,36.901284750515714],[-118.21435125910729,36.90128360346591],[-118.21435411574988,36.901463854461106],[-118.21424189592288,36.90146500151989],[-118.21424475233192,36.90164525251509],[-118.21413253223541,36.901646399475055],[-118.21413396031417,36.901736524968165],[-118.21402174008291,36.901737671829316],[-118.21402316804489,36.90182779733141],[-118.2141353884019,36.90182665047025],[-118.21413681649862,36.90191677596336],[-118.21402459599788,36.9019179228335],[-118.21402602396884,36.9020080483266],[-118.21425046521288,36.902005754487504],[-118.21424903698141,36.9019156289944],[-118.21447347794698,36.9019133347331],[-118.21447776344988,36.902183711176484],[-118.21481442602112,36.902180268949095],[-118.21481585493531,36.902270394424235],[-118.21459141295465,36.90227268935029],[-118.21459427027098,36.90245294029159],[-118.21470649152631,36.90245179287347],[-118.21470792032373,36.90254191834861],[-118.21459569893365,36.90254306576673],[-118.21459712760529,36.90263319123288],[-118.21448490608046,36.902634338552176],[-118.21448633462634,36.902724464027315],[-118.21459855628592,36.90272331670802],[-118.21460284235475,36.90299369309751],[-118.21471506440061,36.90299254566143],[-118.21471792207628,36.903172796575774],[-118.21483014438263,36.903171649022916],[-118.21483443134079,36.903442025376464],[-118.21494665403344,36.90344087769784],[-118.21494808316322,36.90353100314603],[-118.21506030598162,36.903529855368596],[-118.21506316452866,36.90371010623802],[-118.21517538759859,36.903708958343806],[-118.21517681701583,36.90379908378301],[-118.21540126340723,36.903796787662195],[-118.21540269309396,36.90388691309242],[-118.21551491641543,36.90388576486582],[-118.21551634623691,36.903975890287064],[-118.21562856968414,36.903974741952666],[-118.21562999964935,36.90406486737391],[-118.21574222321335,36.90406371893172],[-118.21574365331333,36.90415384433499],[-118.21585587701207,36.904152695785],[-118.2158573072468,36.90424282118828],[-118.21596953107131,36.90424167253049],[-118.21597239182819,36.90442192332805],[-118.21608461591322,36.904420774553486],[-118.2160860464354,36.90451089994777],[-118.21619827063721,36.904509751065405],[-118.21620113196003,36.90469000183602],[-118.21631335642235,36.90468885283688],[-118.216314787223,36.90477897822218],[-118.21653923639917,36.90477667990049],[-118.21654066746932,36.90486680527682],[-118.21665289218316,36.90486565595428],[-118.21665432339704,36.90495578132162],[-118.21676654822767,36.9049546318823]],[[-118.21585158634387,36.90388231957518],[-118.21584729572956,36.903611943338404],[-118.21562284990411,36.90361424028567],[-118.2156271397279,36.90388461654041],[-118.21585158634387,36.90388231957518]],[[-118.21834629451241,36.90547928055419],[-118.21845852004373,36.90547812951586],[-118.218455653331,36.90529787891593],[-118.21834342806021,36.90529902995425],[-118.21834629451241,36.90547928055419]],[[-118.21834629451241,36.90547928055419],[-118.2182340689811,36.90548043149369],[-118.21823693519076,36.90566068209363],[-118.21834916099156,36.90565953115412],[-118.21834629451241,36.90547928055419]]],[[[-118.21676654822767,36.9049546318823],[-118.21677084229151,36.90522500796636],[-118.2168830675174,36.905223858419234],[-118.2168787730583,36.90495348235314],[-118.21676654822767,36.9049546318823]]]]},"id":"+9182+1582","properties":{"count":982,"label":1}},{"type":"Feature","geometry":{"geodesic":false,"type":"Polygon","coordinates":[[[-118.21320678073165,36.864427882928894],[-118.21320250557734,36.86415750463498],[-118.21309034028705,36.86415864961866],[-118.21309461504609,36.86442902792155],[-118.21320678073165,36.864427882928894]]]},"id":"+9186+1954","properties":{"count":3,"label":1}},{"type":"Feature","geometry":{"geodesic":false,"type":"Polygon","coordinates":[[[-118.21340064771618,36.876685018883045],[-118.21339351817404,36.87623438935139],[-118.21328133523185,36.87623553483812],[-118.21327990947974,36.87614540892281],[-118.21339209228718,36.876144263436075],[-118.2133906664093,36.87605413752975],[-118.21316630104594,36.87605642837745],[-118.21316487542857,36.87596630245316],[-118.21294051030776,36.87596859286967],[-118.21293908496887,36.87587846694537],[-118.21271472008162,36.87588075693069],[-118.21271757024738,36.87606100880624],[-118.212829752956,36.876059863858494],[-118.2128383043875,36.87660061942224],[-118.21295048788664,36.87659947434873],[-118.21295191327944,36.876689600264044],[-118.21306409689535,36.876688455082736],[-118.21306552243188,36.87677858098907],[-118.21328988991526,36.876776290294075],[-118.21328846411822,36.87668616438774],[-118.21340064771618,36.876685018883045]]]},"id":"+9191+1824","properties":{"count":41,"label":1}},{"type":"Feature","geometry":{"geodesic":false,"type":"MultiPolygon","coordinates":[[[[-118.21312787979582,36.91616920269199],[-118.21312645214824,36.91607907737855],[-118.21301421086946,36.916080223664785],[-118.21301563838229,36.91617034898721],[-118.21312787979582,36.91616920269199]]],[[[-118.21312787979582,36.91616920269199],[-118.21312930744338,36.91625932800543],[-118.21324154898267,36.916258181602416],[-118.21324012120036,36.916168056297956],[-118.21312787979582,36.91616920269199]]]]},"id":"+9194+1378","properties":{"count":2,"label":1}},{"type":"Feature","geometry":{"geodesic":false,"type":"Polygon","coordinates":[[[-118.21177670422964,36.91591257510776],[-118.21177385215945,36.91573232438206],[-118.21166161132085,36.91573346937472],[-118.21166303722568,36.915823594742065],[-118.2115507962613,36.91582473964489],[-118.21155222203139,36.91591486501223],[-118.21177670422964,36.91591257510776]]]},"id":"+9206+1382","properties":{"count":3,"label":1}},{"type":"Feature","geometry":{"geodesic":false,"type":"Polygon","coordinates":[[[-118.21074748918217,36.85787269113094],[-118.21074606735569,36.85778256484732],[-118.21063391127312,36.85778370735165],[-118.21063533297385,36.857873833635274],[-118.21074748918217,36.85787269113094]]]},"id":"+9207+2025","properties":{"count":1,"label":1}},{"type":"Feature","geometry":{"geodesic":false,"type":"Polygon","coordinates":[[[-118.2104081776678,36.85769586573532],[-118.21040675624556,36.85760573944272],[-118.21029460041453,36.857606881623646],[-118.21029602170202,36.85769700791626],[-118.2104081776678,36.85769586573532]]]},"id":"+9210+2027","properties":{"count":1,"label":1}},{"type":"Feature","geometry":{"geodesic":false,"type":"Polygon","coordinates":[[[-118.21006886770752,36.85751903934257],[-118.21006744668952,36.85742891304098],[-118.20995529110102,36.857430054889534],[-118.20995671198428,36.85752018120011],[-118.21006886770752,36.85751903934257]]]},"id":"+9213+2029","properties":{"count":1,"label":1}},{"type":"Feature","geometry":{"geodesic":false,"type":"Polygon","coordinates":[[[-118.20984313550356,36.857431196630294],[-118.20984171475506,36.85734107031973],[-118.20972955928335,36.857342211952684],[-118.2097309798971,36.85743233827224],[-118.20984313550356,36.857431196630294]]]},"id":"+9215+2030","properties":{"count":1,"label":1}},{"type":"Feature","geometry":{"geodesic":false,"type":"Polygon","coordinates":[[[-118.21037312312369,36.91944234181977],[-118.21037169854837,36.919352216470394],[-118.2102594523558,36.919353360232364],[-118.21026087679638,36.91944348559971],[-118.21037312312369,36.91944234181977]]]},"id":"+9219+1342","properties":{"count":1,"label":1}},{"type":"Feature","geometry":{"geodesic":false,"type":"MultiPolygon","coordinates":[[[[-118.20905094708829,36.85698855415458],[-118.20904952730098,36.856898427799095],[-118.20893737244013,36.85689956867747],[-118.20893879210168,36.85698969503296],[-118.20905094708829,36.85698855415458]]],[[[-118.20905094708829,36.85698855415458],[-118.20905236689356,36.85707868050109],[-118.20916452200595,36.85707753951491],[-118.20916310207491,36.856987413168405],[-118.20905094708829,36.85698855415458]]]]},"id":"+9222+2035","properties":{"count":2,"label":1}},{"type":"Feature","geometry":{"geodesic":false,"type":"Polygon","coordinates":[[[-118.20959309336088,36.919810847520864],[-118.20959024601584,36.919630596768215],[-118.20936575274138,36.919632882738064],[-118.2093671761399,36.91972300812338],[-118.20925492936344,36.91972415096008],[-118.20925777592694,36.9199044017307],[-118.2093700229729,36.91990325889399],[-118.20936859955641,36.91981313350868],[-118.20959309336088,36.919810847520864]]]},"id":"+9227+1339","properties":{"count":6,"label":1}},{"type":"Feature","geometry":{"geodesic":false,"type":"MultiPolygon","coordinates":[[[[-118.2087116433174,36.85681172374636],[-118.20871306270945,36.85690185011083],[-118.20882521757927,36.85690070944805],[-118.20882379805248,36.85681058309256],[-118.2087116433174,36.85681172374636]]],[[[-118.2083723410916,36.856634892341006],[-118.20837092211278,36.856544765967556],[-118.208258767746,36.85654590619016],[-118.20826018659008,36.8566360325726],[-118.2083723410916,36.856634892341006]]],[[[-118.20859806931603,36.85672273793687],[-118.20859948857333,36.85681286430135],[-118.2087116433174,36.85681172374636],[-118.20871022393433,36.85672159739087],[-118.20859806931603,36.85672273793687]]],[[[-118.2083723410916,36.856634892341006],[-118.20837376007941,36.856725018714464],[-118.20859806931603,36.85672273793687],[-118.2085966500677,36.8566326115724],[-118.2083723410916,36.856634892341006]]]]},"id":"+9228+2039","properties":{"count":5,"label":1}},{"type":"Feature","geometry":{"geodesic":false,"type":"MultiPolygon","coordinates":[[[[-118.21205681726084,36.91942517249043],[-118.21205539070024,36.91933504719495],[-118.2119431446065,36.91933619255592],[-118.21194457102337,36.919426317851396],[-118.21205681726084,36.91942517249043]]],[[[-118.21126824225593,36.91925293716251],[-118.2112696678733,36.919343062484934],[-118.21138191401197,36.91934191776177],[-118.21138048825985,36.91925179243935],[-118.21126824225593,36.91925293716251]]],[[[-118.20941252361646,36.91548597076685],[-118.2095247641766,36.9154848279032],[-118.209523340814,36.91539470245501],[-118.20941110037964,36.91539584531866],[-118.20941252361646,36.91548597076685]]],[[[-118.21189037150307,36.91600155534769],[-118.21166588905331,36.916003845476745],[-118.21166874089892,36.91618409620244],[-118.21155649940454,36.916185241114256],[-118.21155364781944,36.91600499037958],[-118.2111046828211,36.91600956893986],[-118.21110610807915,36.91609969431619],[-118.21099386668358,36.916100838698],[-118.21099671696611,36.91628108945963],[-118.21054775025198,36.91628566594481],[-118.21054632564072,36.91619554055052],[-118.21043408408346,36.91619668440232],[-118.21043265960695,36.91610655899905],[-118.210208176726,36.91610884637925],[-118.21020675251897,36.916018720966996],[-118.20953330453187,36.91602558052946],[-118.20953188112435,36.91593545509923],[-118.20975636354717,36.915933169003615],[-118.2097535162201,36.91575291814317],[-118.2098657571665,36.91575177494714],[-118.20986433338169,36.915661649525894],[-118.20963985175838,36.91566393580118],[-118.20963842824307,36.91557381036197],[-118.2094139468623,36.91557609621504],[-118.20941252361646,36.91548597076685],[-118.20930028304736,36.91548711353169],[-118.20929885994526,36.9153969880835],[-118.20918661950192,36.91539813073156],[-118.20918519653458,36.91530800527439],[-118.20907295621699,36.91530914781465],[-118.20907580189116,36.915489398737975],[-118.20873908011197,36.915492825747904],[-118.20874192502257,36.9156730766892],[-118.20862968415702,36.915674218816235],[-118.20863821824204,36.91621497161317],[-118.2087504599071,36.91621382945919],[-118.20875188240731,36.91630395491636],[-118.20897636597998,36.91630167027601],[-118.20897494321026,36.916211544827824],[-118.20908718485735,36.916210402350444],[-118.2090900306573,36.91639065324682],[-118.20886554683311,36.91639293810277],[-118.20886696948604,36.916483063550956],[-118.20875472743471,36.916484205821725],[-118.20875757248005,36.916664456727084],[-118.20853308782942,36.916666740972175],[-118.20853593237172,36.916846991877534],[-118.20842368977242,36.91684813385186],[-118.20842511192228,36.91693825930903],[-118.20831286918823,36.916939401175554],[-118.20831429121235,36.917029526632724],[-118.20808980545678,36.91703181006035],[-118.20809264899296,36.91721206099266],[-118.20820489214024,36.917210919323765],[-118.20820631405655,36.917301044780935],[-118.20831855732959,36.91729990300425],[-118.20831997938066,36.91739002846142],[-118.20876895293097,36.91738546028565],[-118.20877037551203,36.91747558572486],[-118.20899486251626,36.9174733009857],[-118.20899770823534,36.91765355184614],[-118.20888546446824,36.91765469426963],[-118.20888688720201,36.91774481969985],[-118.20899913109488,36.91774367727637],[-118.2090033997364,36.91801405354009],[-118.20911564402455,36.91801291099983],[-118.20911849007601,36.91819316183333],[-118.20900624552736,36.918194304382574],[-118.2090076684408,36.91828442980381],[-118.20911991311522,36.918283287245586],[-118.2091213361634,36.91837341265784],[-118.20923358096358,36.91837226999182],[-118.20923215778963,36.91828214457956],[-118.20945664712049,36.918279858933104],[-118.20945949400739,36.91846010973067],[-118.20934724908145,36.91846125262127],[-118.20934867239914,36.91855137801556],[-118.20990989762174,36.9185456625205],[-118.20991132160418,36.918635787896825],[-118.21002356676368,36.918634644476214],[-118.2100221426465,36.91854451909989],[-118.21058336768044,36.9185388004158],[-118.2105847924534,36.918628925774165],[-118.21069703757698,36.91862778171575],[-118.21069846249367,36.91871790707411],[-118.21092295297437,36.91871561863389],[-118.21093007897714,36.91916624534483],[-118.21104232487326,36.91916510094506],[-118.21104375022114,36.91925522628545],[-118.21126824225593,36.91925293716251],[-118.21126539103017,36.919072686499696],[-118.21115314527778,36.919073831115064],[-118.21115029434846,36.91889358044326],[-118.21137478530527,36.91889129113168],[-118.2113733595801,36.91880116580925],[-118.21148560491926,36.91880002099625],[-118.21148703077918,36.91889014632766],[-118.21171152170007,36.91888785637827],[-118.21171009557963,36.91879773106483],[-118.21182234090084,36.91879658593742],[-118.21181948841743,36.91861633530155],[-118.21204397851186,36.91861404475029],[-118.21204540500958,36.91870417005475],[-118.21215765017807,36.91870302461293],[-118.21215907681952,36.91879314992637],[-118.21204683152527,36.918794295368194],[-118.21205111108132,36.91906467128157],[-118.21227560246932,36.919062380272166],[-118.21227988288774,36.919332756149615],[-118.21216763679399,36.91933390172618],[-118.21216906348036,36.919424027021655],[-118.21205681726084,36.91942517249043],[-118.21205824381246,36.9195152977859],[-118.21239498286627,36.91951186104722],[-118.21239355591041,36.91942173576073],[-118.21250580212094,36.91942058996857],[-118.21250294796668,36.91924033940456],[-118.21261519389873,36.91923919351358],[-118.21261662110612,36.91932931880008],[-118.21284111322176,36.91932702669473],[-118.21283683082704,36.919056650871184],[-118.21294907648061,36.91905550467478],[-118.21295050407429,36.91914562994331],[-118.21306274985362,36.91914448363911],[-118.21306560531045,36.919324734176165],[-118.21317785135031,36.91932358775518],[-118.21317927922244,36.91941371301472],[-118.21329152537908,36.919412566485946],[-118.21329295339496,36.919502691745485],[-118.21351744595975,36.919500398355545],[-118.21351887424512,36.91959052360611],[-118.21385561344266,36.919587082717214],[-118.21385847082188,36.9197673331824],[-118.21397071747259,36.91976618600683],[-118.21396928864823,36.919676060774236],[-118.21408153516418,36.91967491349087],[-118.21408010621407,36.91958478825828],[-118.2141923525863,36.9195836408761],[-118.21418806538558,36.91931326519628],[-118.21452480328057,36.91930982242991],[-118.21452337383637,36.919219697215276],[-118.21463561965165,36.919218549419874],[-118.21463276050274,36.91903829898163],[-118.21452051494798,36.91903944677704],[-118.2145219443832,36.91912957199167],[-118.21440969869369,36.91913071967927],[-118.21440684008377,36.91895046923205],[-118.21429459464579,36.91895161680288],[-118.21429316548905,36.91886149157028],[-118.21418092017683,36.918862639033314],[-118.21417663311985,36.918592263317564],[-118.21440112295377,36.918589968310656],[-118.21440255222728,36.91868009354325],[-118.21451479726103,36.918678945873616],[-118.21451622666929,36.91876907109722],[-118.21462847183778,36.918767923328765],[-118.21462990138079,36.9188580485434],[-118.21474214667504,36.918856900658156],[-118.21474357636178,36.91894702587279],[-118.21485582177282,36.91894587787975],[-118.21485439195132,36.918855752665124],[-118.2149666372276,36.918854604564295],[-118.21496234740383,36.91858422892939],[-118.21485010252279,36.918585377021245],[-118.21484295360399,36.918134750912174],[-118.21473070938772,36.918135898878255],[-118.21472356128639,36.91768527271528],[-118.21461131771692,36.917686420555604],[-118.21461274718806,36.9177765457882],[-118.21450050348382,36.91777769352971],[-118.21450479154691,36.91804806924545],[-118.21439254743844,36.91804921688814],[-118.21439826441572,36.91840971783649],[-118.2141737751208,36.91841201283441],[-118.21417520411583,36.918502138075986],[-118.21406295933362,36.91850328542223],[-118.21406153046435,36.918413160171674],[-118.21394928579892,36.918414307401136],[-118.21394785707338,36.91832418215058],[-118.21349887887878,36.91832877000843],[-118.21349602249668,36.91814851947138],[-118.2136082667938,36.918147372673104],[-118.21360541016917,36.91796712213605],[-118.21349316614155,36.91796826892534],[-118.21349173797296,36.91787814364783],[-118.21337949407109,36.917879290329324],[-118.21337806604623,36.917789165051815],[-118.21304133469098,36.91779260444053],[-118.21304276232058,36.917882729736],[-118.21293051839177,36.917883875986305],[-118.2129319458956,36.917974001281785],[-118.21281970183205,36.91797514743327],[-118.21281827445398,36.917885022137796],[-118.21270603051619,36.91788616818148],[-118.21270460327285,36.91779604287702],[-118.21248011563083,36.91779833464101],[-118.21247868866598,36.91770820932757],[-118.2127031760475,36.91770591757257],[-118.21270174882214,36.91761579226811],[-118.21258950527063,36.91761693819502],[-118.21258807818002,36.91752681289056],[-118.21225134788479,36.91753025001551],[-118.21224849452103,36.917349999379645],[-118.21202400814563,36.9173522902543],[-118.2120197289489,36.91708191425109],[-118.21213197173685,36.917080768881135],[-118.21213339827051,36.917170894212546],[-118.21224564118423,36.91716974872581],[-118.21224706785263,36.917259874048234],[-118.21247155393159,36.91725758276036],[-118.21246727316282,36.91698720680206],[-118.21257951579805,36.9169860610099],[-118.21257808876135,36.91689593568748],[-118.21280257374436,36.91689364378874],[-118.21279971914991,36.91671339316186],[-118.21291196137193,36.91671224706427],[-118.21290910654392,36.916531996437385],[-118.21279686458242,36.916533142525985],[-118.21279258278058,36.9162627665677],[-118.2125680996481,36.91626505841253],[-118.21256381869068,36.9159946824183],[-118.2124515775107,36.91599582817453],[-118.21244872383255,36.915815577493746],[-118.21233648291309,36.9158167231332],[-118.21233505621774,36.915726597792805],[-118.21222281541506,36.91572774332445],[-118.21222138886344,36.9156376179661],[-118.21210914818653,36.91563876338995],[-118.21211200103825,36.915819014097686],[-118.21188751914544,36.915821304630974],[-118.21189037150307,36.91600155534769]],[[-118.21189037150307,36.91600155534769],[-118.21189179768639,36.91609168070605],[-118.21200403902805,36.91609053547983],[-118.21200261271,36.91600041012147],[-118.21189037150307,36.91600155534769]],[[-118.21181948841743,36.91861633530155],[-118.21181806218921,36.91852620997913],[-118.21170581726327,36.91852735509755],[-118.21170724336572,36.918617480419975],[-118.21181948841743,36.91861633530155]],[[-118.21166874089892,36.91618409620244],[-118.21167016683968,36.916274221560805],[-118.21178240845981,36.916273076541195],[-118.2117809823933,36.91618295118283],[-118.21166874089892,36.91618409620244]],[[-118.21396071584581,36.919135309360705],[-118.21395928706637,36.91904518411913],[-118.21384704147567,36.91904633127673],[-118.21384561283098,36.918956206026174],[-118.21362112188315,36.918958500009],[-118.21361969351693,36.91886837475843],[-118.21339520281165,36.91887066830109],[-118.2134009152704,36.91923116933926],[-118.2136254070357,36.91922887576067],[-118.21362683542887,36.91931900101124],[-118.21385132742772,36.919316707001464],[-118.21384847012037,36.91913645651831],[-118.21396071584581,36.919135309360705]],[[-118.2133923466182,36.918690417773014],[-118.2133894904517,36.918510167244946],[-118.21316500077948,36.91851246032945],[-118.21316785641598,36.91869271088448],[-118.2133923466182,36.918690417773014]],[[-118.2123692986489,36.91788960567475],[-118.21236787180982,36.91779948036131],[-118.21225562797083,36.917800625973804],[-118.21225705467516,36.917890751287246],[-118.2123692986489,36.91788960567475]],[[-118.21214481070145,36.91789189680093],[-118.21214053099268,36.91762152084264],[-118.21180380022135,36.91762495670996],[-118.21180522638669,36.91771508204136],[-118.2111317638828,36.9177219509463],[-118.21113033850799,36.91763182558795],[-118.21101809486663,36.91763297002365],[-118.21101666962655,36.91754284466529],[-118.21090442611096,36.91754398900218],[-118.2109058512163,36.91763411436054],[-118.21079360755698,36.917635258589634],[-118.21079503253655,36.91772538395698],[-118.21090727633062,36.91772423972788],[-118.21090870144492,36.91781436508624],[-118.21113318926662,36.917812076295675],[-118.21113461465043,36.91790220165404],[-118.21147134672432,36.91789876765522],[-118.21147277252136,36.91798889299561],[-118.21158501665678,36.91798774811973],[-118.211583590734,36.917897622779336],[-118.21180807874433,36.917895332704184],[-118.21181093111993,36.918075583367],[-118.21192317538112,36.91807443815874],[-118.21192174905408,36.91798431283632],[-118.21203399317153,36.91798316752924],[-118.21203256672771,36.9178930422158],[-118.21214481070145,36.91789189680093]],[[-118.21192888074319,36.918434939448446],[-118.21192602805317,36.91825468880359],[-118.21181378353147,36.91825583401185],[-118.21181663596097,36.918436084665686],[-118.21192888074319,36.918434939448446]],[[-118.21179239110519,36.91690395398682],[-118.21178953889128,36.91672370329705],[-118.2116772966064,36.91672484833463],[-118.21167587063867,36.91663472298526],[-118.21156362847954,36.91663586791503],[-118.21156077683158,36.91645561719832],[-118.21178526061084,36.916453327248924],[-118.21178383453532,36.91636320189057],[-118.21155935101658,36.91636549183996],[-118.21155792521056,36.91627536647262],[-118.21122120027826,36.916278800588216],[-118.21122405110876,36.916459051331884],[-118.21133629302535,36.9164579067255],[-118.21133771857984,36.91654803209284],[-118.21144996062219,36.91654688737866],[-118.2114513863204,36.91663701273701],[-118.21133914414331,36.916638157460184],[-118.21134484646907,36.9169986589026],[-118.21123260376197,36.91699980353593],[-118.21123545469129,36.91718005425265],[-118.21134769765891,36.91717890961932],[-118.2113462720595,36.917088784260955],[-118.21145851489237,36.91708763952881],[-118.2114570891672,36.91699751417045],[-118.21168157454547,36.91699522439174],[-118.2116801485598,36.91690509904236],[-118.21179239110519,36.91690395398682]],[[-118.20988996246946,36.917283907009406],[-118.20988426693496,36.91692340538733],[-118.20977202428176,36.91692454862827],[-118.20977060054187,36.91683442321602],[-118.20988284306931,36.91683327997507],[-118.20988141921264,36.916743154562816],[-118.20976917681995,36.91674429780376],[-118.209767753098,36.9166541723915],[-118.20965551083108,36.91665531551567],[-118.20965693441826,36.91674544093691],[-118.20954469201659,36.91674658396226],[-118.209546115478,36.9168367093835],[-118.2092093878328,36.91684013783971],[-118.20921081090795,36.91693026326994],[-118.2090985682188,36.91693140588207],[-118.2091028370849,36.91720178217273],[-118.20932732325369,36.9171994968317],[-118.20932874649053,36.917289622252945],[-118.20988996246946,36.917283907009406]],[[-118.20978768577992,36.91791592808226],[-118.20978483817437,36.91773567728469],[-118.2096725943264,36.91773682046276],[-118.20967117066736,36.91764669505948],[-118.20955892694516,36.917647838120764],[-118.20956035046946,36.91773796352404],[-118.20933586274658,36.91774024934118],[-118.20933870929213,36.917920500174674],[-118.20978768577992,36.91791592808226]],[[-118.21238071360409,36.91861060811941],[-118.21237928671111,36.91852048281495],[-118.21226704182111,36.91852162846338],[-118.21226846857934,36.91861175376784],[-118.21238071360409,36.91861060811941]],[[-118.21168870456371,36.917445851111665],[-118.2116872785421,36.91735572577127],[-118.21157503533193,36.917356870728],[-118.2115764612188,36.91744699607737],[-118.21168870456371,36.917445851111665]],[[-118.21168870456371,36.917445851111665],[-118.21169013058532,36.91753597645206],[-118.21191461752667,36.91753368619724],[-118.21191319123555,36.91744356086583],[-118.21168870456371,36.917445851111665]],[[-118.21238071360409,36.91861060811941],[-118.21238214049707,36.91870073341489],[-118.2124943856476,36.91869958765866],[-118.21249581268431,36.91878971295413],[-118.2126080579606,36.91878856708112],[-118.21260520363565,36.91860831649915],[-118.21238071360409,36.91861060811941]]],[[[-118.21474357636178,36.91894702587279],[-118.21463133094177,36.918948173767006],[-118.21463276050274,36.91903829898163],[-118.21474500605751,36.919037151087416],[-118.21474357636178,36.91894702587279]]],[[[-118.2091213361634,36.91837341265784],[-118.20900909134527,36.91837455521607],[-118.2090076684408,36.91828442980381],[-118.20889542374843,36.91828557225424],[-118.20889115544827,36.91801519599052],[-118.20877891115114,36.918016338324165],[-118.20878033378611,36.91810646375439],[-118.20866808934527,36.91810760598024],[-118.20866097692502,36.91765697881116],[-118.20854873314892,36.91765812092023],[-118.20855015548744,36.91774824635943],[-118.20843791156761,36.917749388369685],[-118.2084407560021,36.91792963925708],[-118.20832851181278,36.91793078115954],[-118.20833135600473,36.91811103204694],[-118.20844360045457,36.9181098901355],[-118.20844644494298,36.918290141004924],[-118.20833420022365,36.918291282934334],[-118.2083370444695,36.91847153380376],[-118.20867377940003,36.91846810770114],[-118.20867235687287,36.91837798227091],[-118.20889684652713,36.91837569767548],[-118.2088982693148,36.918465823096724],[-118.20901051426769,36.91846468063731],[-118.20901336012153,36.91864493146182],[-118.20912560532595,36.91864378888563],[-118.20912418226878,36.918553663482356],[-118.20923642733845,36.918552520798364],[-118.20923500414652,36.91846239539509],[-118.2091227592116,36.9184635380701],[-118.2091213361634,36.91837341265784]]]]},"id":"+9229+1387","properties":{"count":1263,"label":1}},{"type":"Feature","geometry":{"geodesic":false,"type":"MultiPolygon","coordinates":[[[[-118.20803304041092,36.856458059938525],[-118.20803162184532,36.856367933547105],[-118.20791946772108,36.856369073446324],[-118.20792088616092,36.856459199837744],[-118.20803304041092,36.856458059938525]]],[[[-118.20803304041092,36.856458059938525],[-118.20803445899448,36.856548186320964],[-118.20814661337025,36.856547046313956],[-118.20814519466091,36.856456919922536],[-118.20803304041092,36.856458059938525]]]]},"id":"+9231+2041","properties":{"count":2,"label":1}},{"type":"Feature","geometry":{"geodesic":false,"type":"Polygon","coordinates":[[[-118.20820186155684,36.87430419794943],[-118.20819760250934,36.8740338196106],[-118.20808542256752,36.87403496012965],[-118.20808684211228,36.874125086251574],[-118.20775030186464,36.87412850718889],[-118.20775172102312,36.8742186333198],[-118.20808826166603,36.87421521236452],[-118.20808968121978,36.874305338486444],[-118.20820186155684,36.87430419794943]]]},"id":"+9232+1845","properties":{"count":6,"label":1}},{"type":"Feature","geometry":{"geodesic":false,"type":"MultiPolygon","coordinates":[[[[-118.20993717187514,36.87762174038848],[-118.20993859378247,36.877711866393625],[-118.21005077901536,36.87771072402404],[-118.21004935698227,36.8776205980189],[-118.20993717187514,36.87762174038848]]],[[[-118.20924416614496,36.87636682783898],[-118.20924132411794,36.876186575738856],[-118.20912914106796,36.87618771730894],[-118.2091262993284,36.876007465199834],[-118.20901411653894,36.87600860664415],[-118.20900843365271,36.87564810239899],[-118.20912061591218,36.87564696096366],[-118.20911635341514,36.87537658276856],[-118.20922853527037,36.87537544123441],[-118.20921858874625,36.874744558767205],[-118.2091064078163,36.8747457002744],[-118.20910782859174,36.87483582634243],[-118.20888346644436,36.874838109042415],[-118.20888204592043,36.8747479829654],[-118.20843332206584,36.8747525470718],[-118.20843048210496,36.87457229487286],[-118.20831830139059,36.87457343563446],[-118.20831688154938,36.8744833095305],[-118.20809252035421,36.87448559071233],[-118.20809110079149,36.87439546459939],[-118.20797892031966,36.87439660502861],[-118.20798033975663,36.87448673115053],[-118.20786815914107,36.87448787148094],[-118.20787099777246,36.87466812371581],[-118.20798317864852,36.8746669833854],[-118.20798459810345,36.87475710949835],[-118.20820896009812,36.87475482849618],[-118.20821321929834,36.875025206808054],[-118.20843758205659,36.87502292536571],[-118.20843900206847,36.87511305146069],[-118.20855118356437,36.87511191057333],[-118.208552603711,36.875202036659324],[-118.20866478534165,36.875200895664165],[-118.20866620562303,36.87529102175016],[-118.20889056912686,36.87528873943645],[-118.20889483080644,36.8755591176585],[-118.20878264867274,36.87556025887824],[-118.20878975094202,36.87601088922735],[-118.20890193374048,36.87600974798965],[-118.20890477495901,36.87619000011672],[-118.20901695801797,36.87618885876224],[-118.20901837876647,36.87627898482128],[-118.20913056195121,36.876277843359],[-118.20913198284345,36.87636796940906],[-118.20924416614496,36.87636682783898]]],[[[-118.20947137533196,36.8765447964486],[-118.20947421794287,36.87672504852177],[-118.20958640175643,36.87672390661932],[-118.20958924465481,36.87690415867452],[-118.20970142872888,36.876903016655284],[-118.20971280164291,36.87762402479526],[-118.20993717187514,36.87762174038848],[-118.20993432807845,36.87744148837819],[-118.20982214323182,36.87744263063099],[-118.20981219108425,36.87681174851412],[-118.20970000714493,36.87681289063217],[-118.20969716399503,36.876632638576964],[-118.20958498031622,36.87663378058722],[-118.209583558885,36.87654365455513],[-118.20947137533196,36.8765447964486]]],[[[-118.20935777060821,36.87645581220218],[-118.20935919176993,36.87654593824326],[-118.20947137533196,36.8765447964486],[-118.20946995403548,36.87645467041651],[-118.20935777060821,36.87645581220218]]],[[[-118.20924416614496,36.87636682783898],[-118.20924558717194,36.87645695388006],[-118.20935777060821,36.87645581220218],[-118.20935634944647,36.8763656861611],[-118.20924416614496,36.87636682783898]]]]},"id":"+9233+1841","properties":{"count":101,"label":1}},{"type":"Feature","geometry":{"geodesic":false,"type":"Polygon","coordinates":[[[-118.20808400303174,36.87394483400772],[-118.20807406643401,36.873313951118305],[-118.20784970865245,36.8733162317881],[-118.20785822413336,36.87385698860051],[-118.20797040381467,36.873855848297055],[-118.2079718232157,36.87394597441898],[-118.20808400303174,36.87394483400772]]]},"id":"+9234+1853","properties":{"count":13,"label":1}},{"type":"Feature","geometry":{"geodesic":false,"type":"Polygon","coordinates":[[[-118.20769374128432,36.85628122652993],[-118.20769232311397,36.85619110012055],[-118.20758016924127,36.85619223969636],[-118.20758158726788,36.85628236610575],[-118.20769374128432,36.85628122652993]]]},"id":"+9234+2043","properties":{"count":1,"label":1}},{"type":"Feature","geometry":{"geodesic":false,"type":"Polygon","coordinates":[[[-118.20810245752686,36.875116473475984],[-118.20810103791024,36.87502634737202],[-118.20776449371,36.875029768426124],[-118.20776591293138,36.87511989453906],[-118.20810245752686,36.875116473475984]]]},"id":"+9235+1834","properties":{"count":3,"label":1}},{"type":"Feature","geometry":{"geodesic":false,"type":"MultiPolygon","coordinates":[[[[-118.20735444370281,36.85610439211523],[-118.20735302594571,36.85601426569686],[-118.20724087230656,36.85601540494928],[-118.20724228992893,36.85610553136765],[-118.20735444370281,36.85610439211523]]],[[[-118.20735444370281,36.85610439211523],[-118.20735586145993,36.8561945185336],[-118.2074680153506,36.85619337916439],[-118.20746659745873,36.856103252755],[-118.20735444370281,36.85610439211523]]]]},"id":"+9237+2045","properties":{"count":2,"label":1}},{"type":"Feature","geometry":{"geodesic":false,"type":"Polygon","coordinates":[[[-118.20869369537328,36.91972986351765],[-118.20868942755821,36.919459487298845],[-118.20857718114107,36.91946062947978],[-118.20857433622147,36.919280378646285],[-118.2086865823781,36.91927923647433],[-118.20868373723394,36.91909898564084],[-118.20857149133782,36.91910012781278],[-118.20857291377516,36.91919025323403],[-118.20846066774429,36.91919139529818],[-118.20846209006484,36.919281520719416],[-118.20823759771564,36.919283804542296],[-118.20823333158043,36.91901342825163],[-118.2081210857921,36.919014569992385],[-118.20811966389375,36.918924444553184],[-118.20789517256863,36.91892672771131],[-118.20789659419749,36.91901685315052],[-118.20767210258491,36.91901913589542],[-118.20767494534853,36.919199386791796],[-118.20756269926376,36.91920052801153],[-118.20756554178486,36.91938077890791],[-118.20779003447541,36.919378496351655],[-118.20778861294538,36.91928837091245],[-118.20790085914693,36.91928722947711],[-118.20790228081171,36.91937735491632],[-118.20823901977569,36.91937392996354],[-118.20824186390476,36.919554180815005],[-118.20812961732592,36.91955532258271],[-118.20813103926918,36.919645448003955],[-118.20835553268738,36.91964316436972],[-118.20835837712187,36.91982341520322],[-118.20858287104313,36.919821131119825],[-118.2085814485519,36.91973100571655],[-118.20869369537328,36.91972986351765]]]},"id":"+9240+1347","properties":{"count":46,"label":1}},{"type":"Feature","geometry":{"geodesic":false,"type":"Polygon","coordinates":[[[-118.20701514766641,36.855927556703385],[-118.20701373031355,36.85583743026705],[-118.20690157692593,36.85583856919608],[-118.20690299414406,36.85592869563242],[-118.20701514766641,36.855927556703385]]]},"id":"+9240+2047","properties":{"count":1,"label":1}},{"type":"Feature","geometry":{"geodesic":false,"type":"Polygon","coordinates":[[[-118.20777013363879,36.918116740041064],[-118.20776729076735,36.917936489108754],[-118.2076550465421,36.91793763038239],[-118.20765788915301,36.9181178813147],[-118.20777013363879,36.918116740041064]]]},"id":"+9242+1358","properties":{"count":2,"label":1}},{"type":"Feature","geometry":{"geodesic":false,"type":"Polygon","coordinates":[[[-118.20667585317513,36.855750720285435],[-118.20667443623547,36.85566059384011],[-118.2065622830904,36.85566173243677],[-118.2065636999043,36.855751858891075],[-118.20667585317513,36.855750720285435]]]},"id":"+9243+2049","properties":{"count":1,"label":1}},{"type":"Feature","geometry":{"geodesic":false,"type":"Polygon","coordinates":[[[-118.20764509760151,36.91730675207438],[-118.20764367634995,36.91721662659924],[-118.20741918998353,36.91721890876024],[-118.20742203196563,36.917399159737464],[-118.20753427541834,36.91739801869739],[-118.20753285429254,36.91730789321327],[-118.20764509760151,36.91730675207438]]]},"id":"+9244+1366","properties":{"count":3,"label":1}},{"type":"Feature","geometry":{"geodesic":false,"type":"Polygon","coordinates":[[[-118.2059972688458,36.85539704444018],[-118.20599585272362,36.85530691796791],[-118.20588370006365,36.85530805591778],[-118.20588511606006,36.85539818239903],[-118.2059972688458,36.85539704444018]]]},"id":"+9249+2053","properties":{"count":1,"label":1}},{"type":"Feature","geometry":{"geodesic":false,"type":"MultiPolygon","coordinates":[[[[-118.20565797900778,36.85522020502185],[-118.20565656328085,36.855130078531616],[-118.2055444108724,36.85513121615809],[-118.2055458264556,36.85522134264833],[-118.20565797900778,36.85522020502185]]],[[[-118.20565797900778,36.85522020502185],[-118.20565939472571,36.85531033151209],[-118.20577154740367,36.85530919376883],[-118.205770131542,36.85521906728758],[-118.20565797900778,36.85522020502185]]]]},"id":"+9252+2055","properties":{"count":2,"label":1}},{"type":"Feature","geometry":{"geodesic":false,"type":"Polygon","coordinates":[[[-118.2065056254561,36.9162366524256],[-118.20650420560591,36.91614652688758],[-118.20639196394086,36.916147666921546],[-118.20639338366529,36.91623779245956],[-118.2065056254561,36.9162366524256]]]},"id":"+9253+1378","properties":{"count":1,"label":1}},{"type":"Feature","geometry":{"geodesic":false,"type":"Polygon","coordinates":[[[-118.20609679859501,36.897401524587174],[-118.2060953801911,36.89731139875271],[-118.20598316610433,36.89731253790632],[-118.20598458437348,36.89740266374079],[-118.20609679859501,36.897401524587174]]]},"id":"+9254+1587","properties":{"count":1,"label":1}},{"type":"Feature","geometry":{"geodesic":false,"type":"Polygon","coordinates":[[[-118.20608828826143,36.896860769571404],[-118.20608686989347,36.896770643727955],[-118.2059746565972,36.896771782854614],[-118.20597607483042,36.896861908698064],[-118.20608828826143,36.896860769571404]]]},"id":"+9254+1593","properties":{"count":1,"label":1}},{"type":"Feature","geometry":{"geodesic":false,"type":"MultiPolygon","coordinates":[[[[-118.20531869070588,36.85504336459742],[-118.20532010602855,36.85513349109664],[-118.20543225845498,36.85513235367677],[-118.20543084300652,36.85504222718654],[-118.20531869070588,36.85504336459742]]],[[[-118.20520512322628,36.854954375392296],[-118.20520370805632,36.85486424889308],[-118.20509155600719,36.85486538607938],[-118.20509297105139,36.85495551259657],[-118.20520512322628,36.854954375392296]]],[[[-118.20520512322628,36.854954375392296],[-118.20520653840522,36.8550445019005],[-118.20531869070588,36.85504336459742],[-118.20531727540117,36.8549532380982],[-118.20520512322628,36.854954375392296]]]]},"id":"+9256+2058","properties":{"count":3,"label":1}},{"type":"Feature","geometry":{"geodesic":false,"type":"MultiPolygon","coordinates":[[[[-118.20421753305482,36.87064887650392],[-118.20421611823518,36.87055875020233],[-118.20410394321614,36.87055988687659],[-118.20410535790101,36.87065001317818],[-118.20421753305482,36.87064887650392]]],[[[-118.20421753305482,36.87064887650392],[-118.20421894788342,36.87073900280551],[-118.20399459730633,36.87074127605521],[-118.20399601187442,36.87083140236579],[-118.20433253812632,36.87082799230707],[-118.20433395309867,36.870918118599675],[-118.20444612863874,36.87091698170084],[-118.20444754374581,36.87100710799344],[-118.20467189505952,36.87100483387237],[-118.20467047969193,36.870914707588746],[-118.20478265520504,36.87091357036651],[-118.20478123971168,36.87082344409187],[-118.20500559045945,36.87082116935096],[-118.20499992747989,36.8704606642524],[-118.20488775263154,36.870461801654294],[-118.20488633703037,36.87037167537966],[-118.20499851175298,36.870370537968775],[-118.20499568030812,36.870190285410516],[-118.20465915693981,36.87019369729281],[-118.20466057226248,36.87028382358542],[-118.20454839765667,36.87028496066392],[-118.20455264326537,36.87055533954174],[-118.20466481826645,36.87055420244527],[-118.2046662336071,36.870644328737875],[-118.20421753305482,36.87064887650392]]]]},"id":"+9262+1888","properties":{"count":40,"label":1}},{"type":"Feature","geometry":{"geodesic":false,"type":"MultiPolygon","coordinates":[[[[-118.2045251382258,36.85451056432518],[-118.20452655258728,36.85460069086033],[-118.20463870426809,36.85459955421302],[-118.20463728977187,36.85450942767787],[-118.2045251382258,36.85451056432518]]],[[[-118.204411572453,36.85442157432954],[-118.20441015823525,36.854331447785405],[-118.2042980069407,36.854332584217126],[-118.2042994210237,36.85442271076126],[-118.204411572453,36.85442157432954]]],[[[-118.204411572453,36.85442157432954],[-118.20441298667075,36.85451170087368],[-118.2045251382258,36.85451056432518],[-118.20452372387331,36.854420437790026],[-118.204411572453,36.85442157432954]]]]},"id":"+9263+2064","properties":{"count":3,"label":1}},{"type":"Feature","geometry":{"geodesic":false,"type":"Polygon","coordinates":[[[-118.20486476488713,36.91183644796447],[-118.20486334718392,36.91174632230967],[-118.20475111190589,36.911747460681745],[-118.20475252947436,36.911837586336546],[-118.20486476488713,36.91183644796447]]]},"id":"+9267+1427","properties":{"count":1,"label":1}},{"type":"Feature","geometry":{"geodesic":false,"type":"MultiPolygon","coordinates":[[[[-118.2038437475236,36.85397662262659],[-118.20384233399756,36.85388649605551],[-118.20373018332285,36.85388763193925],[-118.20373159671415,36.85397775851034],[-118.2038437475236,36.85397662262659]]],[[[-118.2038437475236,36.85397662262659],[-118.20384516104966,36.854066749188696],[-118.20395731197588,36.85406561319715],[-118.20395589831509,36.85397548663505],[-118.2038437475236,36.85397662262659]]]]},"id":"+9268+2069","properties":{"count":2,"label":1}},{"type":"Feature","geometry":{"geodesic":false,"type":"Polygon","coordinates":[[[-118.20373676858473,36.861459395041955],[-118.2037339410206,36.86127914212437],[-118.20362177954814,36.861280278097944],[-118.2036246068428,36.86146053102451],[-118.20373676858473,36.861459395041955]]]},"id":"+9270+1987","properties":{"count":2,"label":1}},{"type":"Feature","geometry":{"geodesic":false,"type":"MultiPolygon","coordinates":[[[[-118.20430358777831,36.91184213875586],[-118.20385464597446,36.91184668947736],[-118.2038560624919,36.91193681515911],[-118.20363159128904,36.91193908989104],[-118.20363300754597,36.912029215581775],[-118.20352077180979,36.91203035279503],[-118.20352218794095,36.91212047849474],[-118.2037466596828,36.91211820395146],[-118.20374524328214,36.91202807826971],[-118.20396971473653,36.9120258033132],[-118.20396829808435,36.911935677640436],[-118.20430500481677,36.91193226442863],[-118.20430358777831,36.91184213875586]]],[[[-118.20430358777831,36.91184213875586],[-118.20441582320906,36.91184100080599],[-118.20441440603585,36.911750875142204],[-118.20430217073985,36.91175201308309],[-118.20430358777831,36.91184213875586]]]]},"id":"+9271+1427","properties":{"count":10,"label":1}},{"type":"Feature","geometry":{"geodesic":false,"type":"Polygon","coordinates":[[[-118.20465632631242,36.870013444698614],[-118.20465349571197,36.86983319210442],[-118.2045413217709,36.86983432917394],[-118.20453849145792,36.86965407656178],[-118.20442631776838,36.86965521351452],[-118.20442207274357,36.8693848345828],[-118.20430989944929,36.86938597141876],[-118.20430848458476,36.86929584510819],[-118.20419631140726,36.86929698182737],[-118.20419489668645,36.86920685550781],[-118.20397055058297,36.86920912864074],[-118.20396913613166,36.869119002303215],[-118.20385696320568,36.869120138707984],[-118.20385554888014,36.86903001237046],[-118.20374337607993,36.86903114866743],[-118.2037419618981,36.868941022320925],[-118.20362978922367,36.868942158510094],[-118.20363403139183,36.869212537540626],[-118.20340968522548,36.86921480960456],[-118.20341251284351,36.86939506230655],[-118.2035246861917,36.86939392631501],[-118.20352610013995,36.86948405265253],[-118.20363827361389,36.869482916553196],[-118.20363685953089,36.86939279021567],[-118.20386120619132,36.869390517711565],[-118.20385979185679,36.86930039137404],[-118.20408413822975,36.86929811845671],[-118.20408555283377,36.86938824477627],[-118.20419772614602,36.869387108155905],[-118.2041991408848,36.86947723447546],[-118.20431131431383,36.869476097738314],[-118.20431555897032,36.86974647667902],[-118.20442773279461,36.869745339825094],[-118.20443056284708,36.869925592437255],[-118.20454273693188,36.869924455475534],[-118.20454415210185,36.87001458177712],[-118.20465632631242,36.870013444698614]]]},"id":"+9271+1902","properties":{"count":30,"label":1}},{"type":"Feature","geometry":{"geodesic":false,"type":"Polygon","coordinates":[[[-118.20338807934152,36.85353053261445],[-118.20338666637242,36.8534404060254],[-118.20327451633553,36.853441541459986],[-118.20327592916988,36.85353166805802],[-118.20338807934152,36.85353053261445]]]},"id":"+9272+2074","properties":{"count":1,"label":1}},{"type":"Feature","geometry":{"geodesic":false,"type":"Polygon","coordinates":[[[-118.20315954089943,36.85326242359969],[-118.20315812820881,36.853172297001656],[-118.2030459785582,36.85317343222064],[-118.20304739111405,36.85326355882766],[-118.20315954089943,36.85326242359969]]]},"id":"+9274+2077","properties":{"count":1,"label":1}},{"type":"Feature","geometry":{"geodesic":false,"type":"Polygon","coordinates":[[[-118.20332861438213,36.8711987249048],[-118.20332578678206,36.87101847226569],[-118.20321361105334,36.87101960810452],[-118.2032164383929,36.8711998607616],[-118.20332861438213,36.8711987249048]]]},"id":"+9275+1879","properties":{"count":2,"label":1}},{"type":"Feature","geometry":{"geodesic":false,"type":"MultiPolygon","coordinates":[[[[-118.20281744238885,36.85290532249622],[-118.20281603012941,36.85281519588022],[-118.20270388098186,36.852816330766835],[-118.20270529311551,36.852906457382836],[-118.20281744238885,36.85290532249622]]],[[[-118.20281744238885,36.85290532249622],[-118.20281885466623,36.85299544911222],[-118.20293100406533,36.85299431410883],[-118.20292959166217,36.85290418750181],[-118.20281744238885,36.85290532249622]]]]},"id":"+9277+2081","properties":{"count":2,"label":1}},{"type":"Feature","geometry":{"geodesic":false,"type":"Polygon","coordinates":[[[-118.20270246884819,36.85272620414185],[-118.2027010567325,36.85263607751687],[-118.20258890783646,36.8526372122867],[-118.20259031982638,36.852727338920666],[-118.20270246884819,36.85272620414185]]]},"id":"+9278+2083","properties":{"count":1,"label":1}},{"type":"Feature","geometry":{"geodesic":false,"type":"Polygon","coordinates":[[[-118.20274229868363,36.869582128756925],[-118.20273947262866,36.869401876019],[-118.20262729923557,36.869403011273924],[-118.20262447345908,36.869222758527016],[-118.20273664659166,36.86922162328108],[-118.20273523358664,36.86913149690762],[-118.2026230605888,36.86913263214458],[-118.20262164771852,36.86904250577112],[-118.20250947484645,36.86904364090028],[-118.20250806211092,36.86895351451784],[-118.20239588936461,36.868954649530224],[-118.20239447677281,36.868864523147785],[-118.20228230415226,36.868865658052364],[-118.20228654155936,36.869136037226625],[-118.20239871457515,36.86913490230408],[-118.20240012718493,36.86922502868652],[-118.20228795404336,36.86922616360906],[-118.20229077902034,36.86940641638292],[-118.20251512583349,36.869404146412066],[-118.20251653859597,36.86949427278552],[-118.20262871213279,36.86949313763839],[-118.20263012503003,36.86958326401185],[-118.20274229868363,36.869582128756925]]]},"id":"+9283+1903","properties":{"count":18,"label":1}},{"type":"Feature","geometry":{"geodesic":false,"type":"Polygon","coordinates":[[[-118.20285584936474,36.9125779281079],[-118.20285443399715,36.9124878023992],[-118.20262996109648,36.91249007527161],[-118.20263137620356,36.9125802009893],[-118.20251913961398,36.9125813372683],[-118.2025205545953,36.91267146298598],[-118.20274502803497,36.9126691903112],[-118.20274361278415,36.9125790646025],[-118.20285584936474,36.9125779281079]]]},"id":"+9286+1419","properties":{"count":4,"label":1}},{"type":"Feature","geometry":{"geodesic":false,"type":"MultiPolygon","coordinates":[[[[-118.20207443657368,36.91285625852227],[-118.20196219955291,36.91285739428025],[-118.20196361389642,36.9129475200159],[-118.20207585104296,36.91294638424893],[-118.20207443657368,36.91285625852227]]],[[[-118.20207443657368,36.91285625852227],[-118.20241114759106,36.91285285060154],[-118.20240831787098,36.91267259916617],[-118.20229608112868,36.91267373522958],[-118.20229749585847,36.91276386095625],[-118.2020730221044,36.912766132786615],[-118.20207443657368,36.91285625852227]]]]},"id":"+9289+1417","properties":{"count":5,"label":1}},{"type":"Feature","geometry":{"geodesic":false,"type":"Polygon","coordinates":[[[-118.20150133027805,36.86914397870205],[-118.2014999187283,36.86905385229266],[-118.20138774579334,36.86905498636181],[-118.20138915720835,36.86914511278018],[-118.20150133027805,36.86914397870205]]]},"id":"+9291+1901","properties":{"count":1,"label":1}},{"type":"Feature","geometry":{"geodesic":false,"type":"Polygon","coordinates":[[[-118.20171720559179,36.86860095177506],[-118.20171579380848,36.86851082536567],[-118.20149144953756,36.86851309377346],[-118.20149003803272,36.86842296735509],[-118.20137786602304,36.86842410139728],[-118.20137927739313,36.86851422782464],[-118.20126710524869,36.86851536176802],[-118.201268516502,36.86860548819537],[-118.20138068878119,36.86860435425199],[-118.20138210016924,36.868694480679345],[-118.2014942725742,36.86869334661918],[-118.20149286105138,36.86860322020081],[-118.20171720559179,36.86860095177506]]]},"id":"+9291+1908","properties":{"count":6,"label":1}},{"type":"Feature","geometry":{"geodesic":false,"type":"Polygon","coordinates":[[[-118.20713692135496,36.870799538161464],[-118.20724909659859,36.870798398621574],[-118.20724484144976,36.870528020022235],[-118.20702049174405,36.87053029897625],[-118.20701623743963,36.87025992034097],[-118.20690406296856,36.8702610596473],[-118.20690264501383,36.87017093342656],[-118.20679047066851,36.87017207262508],[-118.20678905284852,36.87008194640434],[-118.20656470440942,36.870084224478006],[-118.20656328685892,36.869994098248284],[-118.20645111275616,36.86999523712341],[-118.20644969534939,36.86990511088471],[-118.20622534739539,36.8699073883026],[-118.2062239302581,36.86981726205491],[-118.20611175639789,36.86981840060665],[-118.20610750540827,36.86954802184561],[-118.2059953319433,36.86954916028057],[-118.20599391509349,36.8694590340239],[-118.2058817417453,36.86946017234208],[-118.20587890832415,36.869279919810765],[-118.20576673524548,36.869281058021144],[-118.20576248554943,36.869010679206205],[-118.20598683092526,36.8690084027046],[-118.20598258050158,36.86873802389864],[-118.20587040821341,36.868739162189875],[-118.20586899154326,36.86864903591523],[-118.20598116370566,36.86864789762401],[-118.20597974690975,36.868557771349366],[-118.20586757489107,36.8685589096406],[-118.20586474159568,36.86837865708233],[-118.20575256982853,36.8683797952478],[-118.20575115332008,36.868289668964174],[-118.2056389816787,36.868290807030824],[-118.20563614894925,36.868110554445614],[-118.20541180616954,36.86811283023755],[-118.20540897398806,36.86793257763437],[-118.2055211451174,36.86793143980128],[-118.20551972890539,36.867841313499696],[-118.2054075579108,36.867842451332784],[-118.20540614183354,36.8677523250312],[-118.20518180009587,36.867754600365],[-118.20518321590365,36.86784472667557],[-118.20507104489108,36.867845864194244],[-118.20507387626408,36.868026116824375],[-118.20518604754614,36.86802497929671],[-118.20518746337187,36.86811510560729],[-118.20507529196405,36.86811624313495],[-118.20507670766402,36.86820636944552],[-118.20496453612145,36.86820750686538],[-118.20496312054725,36.86811738055481],[-118.20485094912146,36.868118517866876],[-118.20484953369099,36.86802839154732],[-118.20473736239096,36.868029528751585],[-118.20473453180848,36.86784927610349],[-118.20462236076898,36.86785041319098],[-118.20462094561698,36.86776028686244],[-118.20428443285778,36.8677636974871],[-118.20428584761451,36.8678538238336],[-118.20417367654805,36.86785496049888],[-118.20417650581899,36.86803521318291],[-118.20406433448304,36.868036349758356],[-118.20405867649812,36.86767584436335],[-118.20394650568319,36.86767698081303],[-118.2039450913307,36.86758685445754],[-118.20372074995235,36.86758912702454],[-118.2037136796092,36.867138495193196],[-118.20360150956682,36.86713963130152],[-118.2036000956545,36.86704950492806],[-118.20348792573787,36.86705064092859],[-118.2034865119603,36.86696051454615],[-118.20337434216945,36.866961650438874],[-118.20337292852662,36.866871524047454],[-118.2030364195044,36.866874931069866],[-118.20303500626582,36.866784804678446],[-118.2029228367175,36.866785940131],[-118.20292142361367,36.866695813730594],[-118.20269708475062,36.86669808432129],[-118.20269567191627,36.8666079579119],[-118.20235916397203,36.86661136300294],[-118.20235775154194,36.866521236575586],[-118.20202124393906,36.86652464069644],[-118.20201983190421,36.8664345142601],[-118.20190766282303,36.866435648751455],[-118.20190625093191,36.86634552230614],[-118.2017940819765,36.86634665668969],[-118.20179125847275,36.866166403799056],[-118.20156692106497,36.8661686722338],[-118.20156550959607,36.866078545770506],[-118.20145334100894,36.86607967983067],[-118.20145192967479,36.865989553367385],[-118.2012275927521,36.86599182114635],[-118.20123041490838,36.86617207408191],[-118.20134258363922,36.86617094023734],[-118.20134540608296,36.866351193163915],[-118.20123323709161,36.86635232701747],[-118.20123464819221,36.86644245348075],[-118.20112247906611,36.86644358723549],[-118.20112389004095,36.86653371369877],[-118.20123605930179,36.866532579944035],[-118.20123747041137,36.86662270640733],[-118.20134963979798,36.86662157254479],[-118.20135105105129,36.86671169899909],[-118.20146322056367,36.86671056501977],[-118.20146463195172,36.866800691474076],[-118.20157680158087,36.86679955738696],[-118.20157821311267,36.866889683841265],[-118.20169038287656,36.866888549646355],[-118.20168897121003,36.86679842320104],[-118.20191331045038,36.866796154505785],[-118.20191472237742,36.866886280942126],[-118.20202689211438,36.8668851464328],[-118.20203395247725,36.86733577856059],[-118.20192178208453,36.86733691309686],[-118.20192319403853,36.86742703952421],[-118.20203536457498,36.86742590498794],[-118.2020367766727,36.86751603140631],[-118.2019246060105,36.86751716594258],[-118.20192601798246,36.86760729236993],[-118.20203818877941,36.86760615782468],[-118.20203960088612,36.86769628424305],[-118.20215177180886,36.86769514959898],[-118.20215459630974,36.86787540242674],[-118.20237893865826,36.867873132788255],[-118.20238035118717,36.867963259197644],[-118.20260469376925,36.86796098912797],[-118.20260610656766,36.868051115528374],[-118.20271827798446,36.86804998033634],[-118.20272110385079,36.86823023311019],[-118.2028332755281,36.86822909780137],[-118.20283751477675,36.868499476948685],[-118.20272534270417,36.86850061226649],[-118.20272816864235,36.868680865031365],[-118.20284034097544,36.868679729704574],[-118.2028389278716,36.868589603322135],[-118.20328761660207,36.86858506098192],[-118.20328903023591,36.86867518734639],[-118.20351337483021,36.868672915525],[-118.20351196093586,36.868582789169515],[-118.20362413308928,36.86858165310611],[-118.20362271907814,36.868491526759605],[-118.2038470631065,36.868489254327365],[-118.20384847738714,36.86857938066488],[-118.20396064952259,36.868578244287065],[-118.20396206393796,36.86866837062459],[-118.20407423620817,36.868667234138975],[-118.20407282164906,36.86857710780145],[-118.20452151011003,36.86857256079898],[-118.20452292519016,36.86866268711854],[-118.20497161407334,36.86865813840926],[-118.20497019847218,36.86856801210767],[-118.20519454261733,36.868565737124214],[-118.20519312675566,36.86847561082263],[-118.20541747060436,36.868473335425946],[-118.20541888673553,36.86856346171855],[-118.20553105878115,36.86856232385851],[-118.20553530758787,36.868832702718365],[-118.20531096269711,36.86883497835759],[-118.2053123787115,36.868925104650195],[-118.20520020612689,36.868926242312604],[-118.20520303791311,36.86910649489782],[-118.20531521076721,36.869105357226424],[-118.20531662679956,36.86919548351005],[-118.20542879977944,36.86919434573086],[-118.20543021595552,36.869284472014485],[-118.20554238906115,36.86928333411851],[-118.20554380537197,36.86937346040214],[-118.2056559785944,36.86937232239837],[-118.20566022796704,36.86964270120432],[-118.20577240158472,36.869641563092756],[-118.20577381819199,36.86973168935841],[-118.20588599192645,36.86973055113006],[-118.20588740866846,36.869820677386734],[-118.20599958253767,36.86981953905059],[-118.20600383318593,36.870089917802645],[-118.20611600744141,36.87008877934972],[-118.20611742447089,36.87017890559741],[-118.20622959885213,36.87017776703669],[-118.20623101602534,36.8702678932754],[-118.20634319053235,36.87026675459789],[-118.20634460783131,36.870356880836596],[-118.20645678246409,36.870355742051295],[-118.20645819990679,36.87044586828102],[-118.20657037466533,36.87044472938792],[-118.20657462742463,36.87071510805912],[-118.20679897771426,36.870712829940544],[-118.20680181344407,36.87089308236406],[-118.20668963803875,36.87089422149072],[-118.20669105578688,36.87098434770248],[-118.20657888023783,36.870985486721345],[-118.20658171548257,36.871165739153845],[-118.206469539673,36.87116687807389],[-118.2064709571696,36.871257004294634],[-118.20635878122529,36.871258143106886],[-118.20635452913973,36.87098776444466],[-118.20624235358169,36.87098890314912],[-118.20624093636357,36.8708987769194],[-118.20612876092231,36.87089991550707],[-118.20612734384791,36.870809789277345],[-118.20601516853243,36.87081092775722],[-118.20601375159278,36.870720801518516],[-118.2057894012223,36.870723078163856],[-118.20578798455216,36.870632951916164],[-118.2056758094882,36.87063409007264],[-118.20567439295279,36.87054396381597],[-118.2054500430674,36.87054623981452],[-118.20545145933332,36.870636366071196],[-118.20556363441524,36.87063522812133],[-118.20556788365316,36.87090560689135],[-118.20511918171745,36.87091015807997],[-118.20512201353063,36.87109041061129],[-118.20534636503297,36.871088135214606],[-118.20534778120906,36.87117826147128],[-118.2054599570815,36.87117712360226],[-118.20546420604093,36.87144750235431],[-118.20535202977322,36.871448640232316],[-118.20535344597624,36.87153876648001],[-118.20524126956481,36.87153990425021],[-118.20524976610925,36.872080661745336],[-118.2053619433112,36.87207952394818],[-118.20536335955016,36.87216965018689],[-118.20547553687788,36.87216851228193],[-118.20547695326057,36.87225863852064],[-118.20558913070506,36.87225750050789],[-118.2055905472315,36.872347626737614],[-118.20570272480175,36.87234648861706],[-118.20570414146292,36.8724366148378],[-118.20581631915894,36.87243547660946],[-118.20582765371493,36.873156486321484],[-118.2057154749589,36.873157624585765],[-118.20571405825281,36.873067498374006],[-118.20548970098328,36.87306977457019],[-118.2054925338834,36.87325002701167],[-118.20560471278317,36.87324888896299],[-118.20560612937247,36.87333901517475],[-118.205718308398,36.873337877009284],[-118.2057211418551,36.873518129423815],[-118.20583332114114,36.87351699115055],[-118.20583473800892,36.87360711735332],[-118.20617127620841,36.87360370187777],[-118.20617269348942,36.87369382806258],[-118.20639705251965,36.87369155054587],[-118.20639847006117,36.8737816767217],[-118.20673500896135,36.87377825963815],[-118.20673784485287,36.873958511971836],[-118.20662566496495,36.873959651116465],[-118.20662708279393,36.874049777283304],[-118.20673926280762,36.874048638138675],[-118.20674493470743,36.87440914278808],[-118.20685711525111,36.87440800352667],[-118.20686136962739,36.87467838198228],[-118.20697355055735,36.874677242604086],[-118.20697780539176,36.874947621041734],[-118.20720216802424,36.87494534193501],[-118.20720500513747,36.87512559419683],[-118.2073171867142,36.87512445447728],[-118.20732144282422,36.87539483286102],[-118.20743362478726,36.87539369302469],[-118.20743646249338,36.87557394526854],[-118.20754864470793,36.87557280531543],[-118.2075514827015,36.87575305754132],[-118.20766366517657,36.87575191748041],[-118.2076650843081,36.87584204359335],[-118.20777726690893,36.87584090341566],[-118.20778436334814,36.876291533917495],[-118.20789654660474,36.876290393614035],[-118.2078979660417,36.876380519709016],[-118.20812233278846,36.876378238787694],[-118.20812375249493,36.87646836487369],[-118.20823593599407,36.87646722424684],[-118.20823451615286,36.876377098169826],[-118.20834669950827,36.87637595744416],[-118.20834527955029,36.876285831367156],[-118.20823309632064,36.876286972092814],[-118.20823167648841,36.87619684600682],[-118.20811949339351,36.87619798661571],[-118.20811807370502,36.876107860529714],[-118.2080058907269,36.8761090010308],[-118.20800447117315,36.876018874944805],[-118.2078922883208,36.87602001533809],[-118.20788803009974,36.87574963703519],[-118.20777584764265,36.8757507773117],[-118.20777300911907,36.875570525094794],[-118.2076608269135,36.87557166526351],[-118.20765373138157,36.875121034689805],[-118.20754154983177,36.875122174723764],[-118.20753871192802,36.87494192247991],[-118.20765089321732,36.874940782445954],[-118.20764947413967,36.87485065632403],[-118.20742511182162,36.87485293626619],[-118.20742369301347,36.87476281013527],[-118.2073115119847,36.87476394995364],[-118.2073100933113,36.87467382381375],[-118.20742227421431,36.874672684004366],[-118.20741943664294,36.874492431733565],[-118.207643797901,36.87449015181836],[-118.20764521695168,36.87458027794926],[-118.20775739771096,36.87457913782547],[-118.20775455934907,36.87439888558162],[-118.207305837354,36.87440344539407],[-118.20729448838904,36.87368243622103],[-118.20718230893232,36.87368357588668],[-118.20717663512806,36.87332307124626],[-118.20706445619237,36.87332421078615],[-118.20706303788728,36.87323408461931],[-118.20695085906836,36.8732352240514],[-118.206949440907,36.87314509788456],[-118.20661290480956,36.87314851552505],[-118.20661148705246,36.873058389340244],[-118.20649930847608,36.873059528341145],[-118.20649789084473,36.872969402156336],[-118.20638571239411,36.87297054104045],[-118.20638287742786,36.87279028865287],[-118.20627069922878,36.87279142742919],[-118.20626644722405,36.872521048820865],[-118.20637862502788,36.87251991005353],[-118.20637579011553,36.872339657656966],[-118.20648796764986,36.87233851879081],[-118.20647662722787,36.87161750915065],[-118.20658880370219,36.871616370203654],[-118.20658596839458,36.871436117789116],[-118.2066981445994,36.87143497875229],[-118.20669530904924,36.87125472633775],[-118.20680748498457,36.871253587193124],[-118.20680464920085,36.871073334787575],[-118.20691682486668,36.87107219554414],[-118.20691540684906,36.87098206934136],[-118.20702758237115,36.87098093000809],[-118.20702616423675,36.87089080380531],[-118.20713833961513,36.870889664364235],[-118.20713692135496,36.870799538161464]],[[-118.20713692135496,36.870799538161464],[-118.20713550309479,36.870709411958686],[-118.20691115285008,36.87071169071507],[-118.20691257084076,36.87080181692683],[-118.20713692135496,36.870799538161464]],[[-118.20361706306952,36.86813102133765],[-118.20361564908532,36.86804089497318],[-118.20350347771344,36.86804203101862],[-118.20350489157187,36.868132157374106],[-118.20361706306952,36.86813102133765]]]},"id":"+9292+1935","properties":{"count":980,"label":1}},{"type":"Feature","geometry":{"geodesic":false,"type":"Polygon","coordinates":[[[-118.20185279095867,36.91303878140173],[-118.20185137674092,36.912948655666085],[-118.20162690240294,36.91295092667],[-118.20162831636017,36.91304105240565],[-118.20151607905194,36.913042187750406],[-118.20151749287444,36.91313231349504],[-118.20140525543147,36.91313344874098],[-118.20140666913717,36.91322357448561],[-118.20163114428364,36.91322130389492],[-118.20162973031742,36.91313117815029],[-118.20174196775142,36.91313004269773],[-118.20174055365942,36.913039916962084],[-118.20185279095867,36.91303878140173]]]},"id":"+9295+1414","properties":{"count":6,"label":1}},{"type":"Feature","geometry":{"geodesic":false,"type":"MultiPolygon","coordinates":[[[[-118.20096195831748,36.91349849168818],[-118.20073748229964,36.91350076103022],[-118.2007388952328,36.91359088679282],[-118.20062665708915,36.913592021311125],[-118.20062806989654,36.91368214707372],[-118.20085254645336,36.91367987792932],[-118.20085113337646,36.913589752166715],[-118.20096337152013,36.913588617441796],[-118.20096195831748,36.91349849168818]]],[[[-118.20096195831748,36.91349849168818],[-118.20118643430835,36.913496221914954],[-118.20118502085417,36.91340609616134],[-118.20129725871037,36.91340496112201],[-118.20129443155047,36.913224709623755],[-118.20118219396376,36.9132258446541],[-118.20118360739998,36.91331597040772],[-118.20107136967853,36.91331710533925],[-118.20107278298899,36.91340723110185],[-118.2009605451238,36.913408365925584],[-118.20096195831748,36.91349849168818]]]]},"id":"+9299+1411","properties":{"count":9,"label":1}},{"type":"Feature","geometry":{"geodesic":false,"type":"Polygon","coordinates":[[[-118.20093623222063,36.86887926871469],[-118.20093341047757,36.86869901583304],[-118.20070906559582,36.86870128278556],[-118.20070765499827,36.868611156340236],[-118.20048331035008,36.86861342285258],[-118.20048613103312,36.86879367576119],[-118.20059830361772,36.86879254254544],[-118.20060112458823,36.86897279544506],[-118.20071329743335,36.868971662112536],[-118.20071470805784,36.86906178855785],[-118.20060253507798,36.86906292189038],[-118.20060676659212,36.86933330121736],[-118.20071893996725,36.86933216787585],[-118.2007203506187,36.86942229431218],[-118.2008325241106,36.86942116086287],[-118.20082405951923,36.868880402244855],[-118.20093623222063,36.86887926871469]]]},"id":"+9299+1906","properties":{"count":19,"label":1}},{"type":"Feature","geometry":{"geodesic":false,"type":"Polygon","coordinates":[[[-118.20059905769052,36.86167141564887],[-118.20059764757808,36.86158128909576],[-118.20037332347434,36.86158355503318],[-118.2003747333173,36.86167368159528],[-118.20059905769052,36.86167141564887]]]},"id":"+9299+1984","properties":{"count":2,"label":1}},{"type":"Feature","geometry":{"geodesic":false,"type":"Polygon","coordinates":[[[-118.20116042098418,36.91899502517607],[-118.20115900727848,36.918904899512285],[-118.2010467613554,36.9189060345606],[-118.20104817493535,36.91899616023336],[-118.20116042098418,36.91899502517607]]]},"id":"+9301+1348","properties":{"count":1,"label":1}},{"type":"Feature","geometry":{"geodesic":false,"type":"Polygon","coordinates":[[[-118.20048270585575,36.918731456857614],[-118.20048129295853,36.91864133115789],[-118.20036904739477,36.918642465568404],[-118.20037046015726,36.91873259126812],[-118.20048270585575,36.918731456857614]]]},"id":"+9307+1351","properties":{"count":1,"label":1}},{"type":"Feature","geometry":{"geodesic":false,"type":"MultiPolygon","coordinates":[[[[-118.20007111487853,36.913958195434894],[-118.20029559228874,36.91395592732355],[-118.20029417985864,36.91386580155197],[-118.2005186569814,36.913863533027396],[-118.20051583160915,36.91368328149321],[-118.20029135501639,36.9136855500088],[-118.20029276742854,36.913775675780386],[-118.20018052898843,36.91377680988546],[-118.20018194128379,36.91386693565705],[-118.20006970270893,36.91386806965433],[-118.20007111487853,36.913958195434894]]],[[[-118.19973722227144,36.914141848386],[-118.19951274426833,36.9141441154553],[-118.19951415580013,36.914234241244856],[-118.19928967750955,36.91423650789194],[-118.19929108877186,36.91432663369946],[-118.19906661019382,36.91432889992434],[-118.1990680212046,36.91441902573186],[-118.19884354233012,36.9144212915525],[-118.19884495308936,36.91451141736002],[-118.19873271350839,36.91451255011762],[-118.19873412414186,36.91460267592514],[-118.19850964470146,36.914604941125944],[-118.19851105507442,36.91469506694244],[-118.19839881521497,36.91469619938564],[-118.19840022546218,36.91478632521112],[-118.198287985459,36.91478745754652],[-118.19828939558043,36.914877583372004],[-118.19817715544251,36.91487871560859],[-118.19817856543818,36.91496884143407],[-118.19840304596555,36.914966576853104],[-118.19840163570937,36.91487645102762],[-118.19862611594928,36.91487418602445],[-118.1986247054326,36.91478406020794],[-118.19873694540881,36.914782927558136],[-118.19873553477534,36.91469280174164],[-118.19884777461682,36.914691668984034],[-118.1988463638486,36.914601543176516],[-118.19918308293286,36.91459814426589],[-118.19918167177836,36.91450801846736],[-118.19929391133238,36.914506885296525],[-118.19929250005211,36.914416759497996],[-118.1995169788727,36.91441449283293],[-118.19951556733191,36.914324367043385],[-118.19962780659847,36.91432323354916],[-118.19962639493194,36.914233107759614],[-118.19973863406375,36.91423197417556],[-118.19973722227144,36.914141848386]]],[[[-118.20007111487853,36.913958195434894],[-118.19984663744135,36.913960463124035],[-118.19984804935044,36.91405058891358],[-118.19973581048812,36.914051722596454],[-118.19973722227144,36.914141848386],[-118.1999617002476,36.9141395808945],[-118.19996028820377,36.91404945511393],[-118.20007252704812,36.91404832121546],[-118.20007111487853,36.913958195434894]]]]},"id":"+9307+1406","properties":{"count":39,"label":1}},{"type":"Feature","geometry":{"geodesic":false,"type":"Polygon","coordinates":[[[-118.20014314375634,36.91855460835732],[-118.20014031878833,36.91837435693992],[-118.20002807361085,36.91837549101805],[-118.20002948596012,36.91846561672675],[-118.19980499530872,36.9184678845686],[-118.1998078194952,36.91864813600397],[-118.19992006508589,36.91864700213245],[-118.19991865286241,36.91855687641477],[-118.20014314375634,36.91855460835732]]]},"id":"+9310+1354","properties":{"count":5,"label":1}},{"type":"Feature","geometry":{"geodesic":false,"type":"Polygon","coordinates":[[[-118.19995254812166,36.92071989316309],[-118.19995113574545,36.92062976748133],[-118.19983888724421,36.920630901442685],[-118.19984029948567,36.920721027124436],[-118.19995254812166,36.92071989316309]]]},"id":"+9312+1329","properties":{"count":1,"label":1}},{"type":"Feature","geometry":{"geodesic":false,"type":"MultiPolygon","coordinates":[[[[-118.19975698791163,36.915403609278],[-118.19975981167589,36.915583860812184],[-118.19987205278399,36.91558272705745],[-118.19987487683571,36.91576297858265],[-118.19998711819534,36.915761844720116],[-118.19998288173149,36.9154914674413],[-118.19987064076712,36.91549260129485],[-118.19986922875023,36.91540247553225],[-118.19975698791163,36.915403609278]]],[[[-118.19975416417431,36.91522335773484],[-118.1998664047524,36.915222224007046],[-118.19986499276247,36.91513209823547],[-118.19997723319685,36.91513096439988],[-118.19997582108114,36.91504083862829],[-118.19975134046395,36.91504310619167],[-118.19975416417431,36.91522335773484]]],[[[-118.19975416417431,36.91522335773484],[-118.19964192359622,36.91522449137279],[-118.19964474706403,36.91540474291596],[-118.19975698791163,36.915403609278],[-118.19975416417431,36.91522335773484]]]]},"id":"+9312+1391","properties":{"count":10,"label":1}},{"type":"Feature","geometry":{"geodesic":false,"type":"Polygon","coordinates":[[[-118.19969698586749,36.918739395494356],[-118.19969557389553,36.91864926977667],[-118.1994710826782,36.91865153699869],[-118.19947249438965,36.91874166272535],[-118.19969698586749,36.918739395494356]]]},"id":"+9315+1351","properties":{"count":2,"label":1}},{"type":"Feature","geometry":{"geodesic":false,"type":"MultiPolygon","coordinates":[[[[-118.20241210955199,36.92006403996541],[-118.20252435711,36.92006290358759],[-118.2025229417424,36.91997277798669],[-118.20241069431914,36.91997391435552],[-118.20241210955199,36.92006403996541]]],[[[-118.2010665519957,36.920167793835624],[-118.2009543042221,36.92016892883004],[-118.20095571774814,36.92025905448484],[-118.20106796565649,36.92025791948144],[-118.2010665519957,36.920167793835624]]],[[[-118.20037893688486,36.919273345421516],[-118.20049118336489,36.919272210993036],[-118.20049259630703,36.919362336674794],[-118.2007170895276,36.91936006748547],[-118.20071426312228,36.91917981613095],[-118.20037752407747,36.919183219730776],[-118.20037893688486,36.919273345421516]]],[[[-118.20028081743675,36.92017573660462],[-118.20005632179972,36.92017800501241],[-118.20005914674977,36.92035825637591],[-118.20017139483777,36.920357122216934],[-118.200169982228,36.92026699653518],[-118.20028223018127,36.92026586227739],[-118.20028081743675,36.92017573660462]]],[[[-118.20016574442565,36.91999661948993],[-118.20005349686764,36.91999775363094],[-118.20005490932469,36.92008787932168],[-118.20016715701745,36.92008674517168],[-118.20016574442565,36.91999661948993]]],[[[-118.19972099036104,36.92027153252431],[-118.1997224024498,36.92036165821504],[-118.19994689866175,36.920359390427095],[-118.1999454863035,36.92026926474534],[-118.19972099036104,36.92027153252431]]],[[[-118.20218902939035,36.92015643800754],[-118.20207678167964,36.92015757407095],[-118.20207536683306,36.92006744845208],[-118.2019631192481,36.920068584398706],[-118.20196170453627,36.91997845877085],[-118.20184945707709,36.91997959460968],[-118.20184804250898,36.91988946898183],[-118.20173579517557,36.91989060471286],[-118.20173720961789,36.91998073034969],[-118.20162496214074,36.91998186597293],[-118.20162213353456,36.91980161469925],[-118.20173438074222,36.919800479076024],[-118.20173296631785,36.919710353439186],[-118.20139622507216,36.91971375997651],[-118.20139481105204,36.9196236343217],[-118.20128256408691,36.91962476962154],[-118.20127973632515,36.91944451831194],[-118.20116748962054,36.919445653494996],[-118.2011703171218,36.919625904813586],[-118.20094582315564,36.919628174874276],[-118.20094723665473,36.91971830053806],[-118.2008349895369,36.919719435406705],[-118.20083357617254,36.91962930974292],[-118.20060908217044,36.91963157916581],[-118.20060766908458,36.91954145349304],[-118.20038317532502,36.91954372248473],[-118.20037893688486,36.919273345421516],[-118.20026669038687,36.919274479751174],[-118.2002652777232,36.91918435405145],[-118.20015303135096,36.919185488273314],[-118.20015161882205,36.91909536257359],[-118.20003937258457,36.91909649667868],[-118.2000379601904,36.919006370978956],[-118.19992571406969,36.91900750497624],[-118.19992430181925,36.91891737926754],[-118.19981205582431,36.918918513157024],[-118.199813467949,36.919008638865726],[-118.19970122182829,36.919009772647414],[-118.19969980982938,36.91891964692972],[-118.19958756383444,36.918920780612595],[-118.19958615197926,36.91883065488593],[-118.1994739061011,36.918831788452025],[-118.19947531782154,36.91892191417869],[-118.19936307180863,36.91892304763698],[-118.19936024863726,36.91874279618364],[-118.19924800288487,36.918743929534145],[-118.19924941433581,36.91883405526979],[-118.19913716843969,36.91883518851249],[-118.19914845921177,36.91955619436176],[-118.1992607061679,36.91955506108313],[-118.19926776376397,36.920005689671555],[-118.1993800113669,36.92000455626716],[-118.19938283471794,36.920184807684564],[-118.19949508258136,36.92018367417237],[-118.19949649439164,36.92027379987209],[-118.19972099036104,36.92027153252431],[-118.19971957828129,36.9201814068246],[-118.19983182612675,36.92018027298901],[-118.19982758952814,36.91990989590782],[-118.19971534208692,36.91991102972544],[-118.19971393002513,36.91982090402572],[-118.19982617734058,36.9198197702081],[-118.199824765162,36.91972964450839],[-118.20027375383994,36.91972510819586],[-118.2002765792571,36.919905359559365],[-118.20016433183385,36.91990649380818],[-118.20016574442565,36.91999661948993],[-118.20027799197467,36.91999548524112],[-118.20028081743675,36.92017573660462],[-118.20039306525527,36.92017460223903],[-118.200391652385,36.92008447656626],[-118.20072839539138,36.92008107284965],[-118.20072698213482,36.919990947185866],[-118.2008392296569,36.919989812407046],[-118.20083781627459,36.919899686743264],[-118.20106231104026,36.91989741687122],[-118.2010665519957,36.920167793835624],[-118.20117879976031,36.92016665872443],[-118.20117738597375,36.920076533078614],[-118.2015141288454,36.92007312713418],[-118.20151554302721,36.92016325277102],[-118.20129104752493,36.92016552351443],[-118.20129246144624,36.92025564916025],[-118.20118021355586,36.920256784379234],[-118.20118162736038,36.92034691002505],[-118.20106937932627,36.92034804513625],[-118.20107079300503,36.92043817078207],[-118.20095854482719,36.920439305794446],[-118.20095713128318,36.920349180139645],[-118.20084488324008,36.920350315044224],[-118.2008434698398,36.920260189380436],[-118.20073122191347,36.92026132417722],[-118.200732635188,36.920351449832026],[-118.20050813906587,36.920353719111176],[-118.20051379117581,36.92071422176632],[-118.20062603976687,36.920713087167165],[-118.2006274529336,36.920803212830954],[-118.20073970165942,36.920802078124],[-118.2007368750475,36.9206218268144],[-118.20084912349483,36.92062069200863],[-118.20084771007659,36.920530566353825],[-118.20118445497842,36.92052716130771],[-118.20118728263239,36.92070741259037],[-118.20129953118753,36.92070627736239],[-118.2012981172213,36.920616151725554],[-118.20163486245552,36.92061274539485],[-118.20163203375951,36.92043249413914],[-118.20185653001637,36.92043022273996],[-118.20185794462938,36.920520348367816],[-118.20197019287909,36.920519212502036],[-118.20196877814031,36.92042908688317],[-118.20208102625529,36.92042795091857],[-118.20207961139074,36.920337825299704],[-118.20241635529545,36.92033441678609],[-118.20241494004463,36.9202442911762],[-118.20219044437167,36.920246563626414],[-118.20218902939035,36.92015643800754]],[[-118.20050248707273,36.9199932164201],[-118.20050107408566,36.91990309074733],[-118.20038882667139,36.91990422521174],[-118.2003902395237,36.91999435088451],[-118.20050248707273,36.9199932164201]],[[-118.19993560003837,36.91963838489223],[-118.19993418773404,36.91954825919252],[-118.19982194082282,36.91954939310895],[-118.19982335299241,36.919639518808665],[-118.19993560003837,36.91963838489223]],[[-118.19959885888251,36.91964178632713],[-118.19959603508232,36.91946153490074],[-118.19937154147547,36.91946380197902],[-118.19937577639423,36.91973417913207],[-118.19948802359292,36.91973304563785],[-118.19948661181859,36.919642919920165],[-118.19959885888251,36.91964178632713]],[[-118.19959321130906,36.919281283474355],[-118.19959038755378,36.91910103204797],[-118.19936589500696,36.91910329909032],[-118.19936871823224,36.91928355054365],[-118.19959321130906,36.919281283474355]]],[[[-118.20241210955199,36.92006403996541],[-118.202299861985,36.92006517622645],[-118.2022970317888,36.919884924997696],[-118.20218478447335,36.919886061159914],[-118.20218619944568,36.91997618677878],[-118.20207395199547,36.919977322824224],[-118.20207536683306,36.92006744845208],[-118.20218761440903,36.92006631238867],[-118.20218902939035,36.92015643800754],[-118.20241352479383,36.9201541655753],[-118.20241210955199,36.92006403996541]]]]},"id":"+9317+1350","properties":{"count":244,"label":1}},{"type":"Feature","geometry":{"geodesic":false,"type":"Polygon","coordinates":[[[-118.19933982122618,36.910269838166336],[-118.19933841010761,36.91017971230492],[-118.19922617690469,36.910180845403886],[-118.19922476592086,36.910090719542474],[-118.19911253283472,36.91009185253364],[-118.19911676539989,36.910362230144834],[-118.19889229841911,36.91036449583971],[-118.19889794087216,36.9107249993213],[-118.19912240890397,36.9107227335905],[-118.19911958714295,36.910542481867665],[-118.19923182088486,36.91054134885853],[-118.1992275878885,36.91027097127429],[-118.19933982122618,36.910269838166336]]]},"id":"+9317+1446","properties":{"count":14,"label":1}},{"type":"Feature","geometry":{"geodesic":false,"type":"Polygon","coordinates":[[[-118.19931225855967,36.91567852053372],[-118.19930802449431,36.915408143192025],[-118.19908354274523,36.91541040951572],[-118.19908636491948,36.91559066108584],[-118.1991986060635,36.915589527977886],[-118.19920001728987,36.91567965375845],[-118.19931225855967,36.91567852053372]]]},"id":"+9318+1387","properties":{"count":5,"label":1}},{"type":"Feature","geometry":{"geodesic":false,"type":"Polygon","coordinates":[[[-118.19913228528763,36.91135361457548],[-118.19912523070093,36.91090298531332],[-118.19901299642002,36.91090411823263],[-118.19901440718824,36.91099424409404],[-118.19867770392331,36.9109976422411],[-118.19868052469619,36.91117789397291],[-118.19879275939032,36.91117676135904],[-118.198794169916,36.91126688722045],[-118.1989064047359,36.91126575449878],[-118.19890781540529,36.91135588036019],[-118.19913228528763,36.91135361457548]]]},"id":"+9318+1437","properties":{"count":14,"label":1}},{"type":"Feature","geometry":{"geodesic":false,"type":"Polygon","coordinates":[[[-118.19909983548953,36.90928071964616],[-118.19909842470335,36.90919059376678],[-118.19898619292874,36.9091917266232],[-118.19898760358018,36.90928185250258],[-118.19909983548953,36.90928071964616]]]},"id":"+9318+1456","properties":{"count":1,"label":1}},{"type":"Feature","geometry":{"geodesic":false,"type":"Polygon","coordinates":[[[-118.1993404522208,36.867272851539],[-118.19945262263148,36.867271719446144],[-118.19944980454457,36.86709146642076],[-118.19989848507342,36.86708693703425],[-118.19989989464688,36.86717706352449],[-118.20023640537589,36.86717366535946],[-118.20023781534461,36.867263791849695],[-118.20034998571039,36.86726265890344],[-118.20035139582284,36.867352785384696],[-118.20046356630539,36.86735165233963],[-118.20046638680877,36.86753190528417],[-118.20057855755184,36.867530772122315],[-118.20058278875157,36.867801151530145],[-118.20047061761325,36.86780228470097],[-118.2004720278874,36.86789241116426],[-118.20058419916047,36.86789127799343],[-118.20058843043206,36.8681616573743],[-118.20047625876374,36.868162790554116],[-118.20048048970297,36.868433169934995],[-118.20070483382116,36.86843090344062],[-118.2007034232326,36.868340776986315],[-118.20092776706333,36.86833851006973],[-118.20092071294376,36.86788787782516],[-118.20103288418987,36.86788674423212],[-118.2010272404702,36.86752623842389],[-118.20091506975409,36.86752737200795],[-118.20090942666323,36.867166866172774],[-118.20079725646815,36.867167999631064],[-118.20079443522815,36.86698774669551],[-118.20068226528458,36.86698888004601],[-118.20068085480382,36.866898753573736],[-118.20045651515923,36.86690101994235],[-118.20045510494796,36.8668108934611],[-118.20011859583592,36.86681429221901],[-118.2001171860289,36.866724165728776],[-118.19989284685144,36.86672643102839],[-118.19989143731391,36.86663630452019],[-118.199667098379,36.8666385693976],[-118.19966568911096,36.866548442880415],[-118.1994413504096,36.86655070732663],[-118.19943994141106,36.866460580800464],[-118.19910343370938,36.86646397665682],[-118.1990935736481,36.86583309089279],[-118.19920574196571,36.86583195906943],[-118.19920010725615,36.86547145290188],[-118.19897577166296,36.865473716404864],[-118.19897295487861,36.865293463298634],[-118.19874861978849,36.865295726361445],[-118.1987472116703,36.865205599799346],[-118.19863504424201,36.865206731173544],[-118.19863082030965,36.864936351460294],[-118.19851865327662,36.864937482717714],[-118.19851724544588,36.864847356137645],[-118.19829291162239,36.864849618320115],[-118.19829431919261,36.864939744909165],[-118.19818215214161,36.86494087584319],[-118.19818355958607,36.86503100243224],[-118.19807139240034,36.86503213326745],[-118.1980742070467,36.86521238644555],[-118.19796203958248,36.86521351718195],[-118.1979634467844,36.865303643771],[-118.19785127918543,36.8653047743996],[-118.19785268626157,36.865394900997636],[-118.19774051852787,36.86539603152742],[-118.19774755334265,36.86584666448165],[-118.19785972173213,36.8658455339339],[-118.19786253596527,36.86602578709403],[-118.19797470461526,36.8660246564295],[-118.19797751913586,36.86620490958065],[-118.19808968804637,36.86620377880832],[-118.19809250285442,36.86638403195049],[-118.19820467201646,36.8663829010524],[-118.19820607955972,36.86647302762348],[-118.19831824884753,36.86647189661759],[-118.19831965653452,36.86656202317969],[-118.19843182594808,36.866560892066],[-118.19843323376983,36.866651018619116],[-118.19832106422152,36.86665214973281],[-118.1983224719175,36.86674227629491],[-118.19787379314037,36.86674679969864],[-118.19788223628895,36.867287559089206],[-118.19777006578843,36.86728868969984],[-118.19777147286457,36.86737881627093],[-118.19765930222931,36.86737994677376],[-118.19766070918867,36.86747007334485],[-118.19754853840968,36.86747120374886],[-118.19754994524327,36.86756133031097],[-118.19788645794857,36.86755793876653],[-118.19788927241528,36.86773819188175],[-118.19800144357157,36.86773706114535],[-118.19800425832572,36.867917314242604],[-118.19811642973355,36.86791618339841],[-118.19811783725885,36.86800630994254],[-118.19823000879244,36.86800517898156],[-118.19823282411254,36.86818543206085],[-118.19834499590662,36.86818430099208],[-118.19834640371042,36.868274427527226],[-118.19845857562129,36.86827329634167],[-118.1984599835688,36.86836342286784],[-118.19857215560543,36.868362291583466],[-118.19857074753216,36.8682721650573],[-118.19868291944304,36.86827103366513],[-118.19868010305395,36.86809078062178],[-118.19879227468634,36.86808964913978],[-118.19879086637052,36.867999522613616],[-118.19890303786818,36.86799839102382],[-118.19890022099399,36.867818137989445],[-118.19901239222214,36.86781700630083],[-118.19901098365479,36.867726879783646],[-118.19923532583263,36.86772461609201],[-118.19923391701376,36.867634489583814],[-118.19934608796343,36.86763335758079],[-118.1993404522208,36.867272851539]],[[-118.1993404522208,36.867272851539],[-118.19933481658596,36.86691234547026],[-118.1992226466963,36.86691347744633],[-118.19921982917532,36.866733224394],[-118.19910765953719,36.86673435625329],[-118.19910625092493,36.86664422972712],[-118.19865757284848,36.866648756077325],[-118.19865898093971,36.86673888262146],[-118.19854681127462,36.866740013950746],[-118.19854962720558,36.866920267047995],[-118.19866179714016,36.86691913570973],[-118.19866320524937,36.867009262253866],[-118.19877537530074,36.8670081308078],[-118.19877678355368,36.867098257342946],[-118.1988889537308,36.86709712578909],[-118.19889036211849,36.867187252315254],[-118.19900253242137,36.86718612065359],[-118.19900394094381,36.86727624717976],[-118.1993404522208,36.867272851539]]]},"id":"+9318+1948","properties":{"count":457,"label":1}},{"type":"Feature","geometry":{"geodesic":false,"type":"Polygon","coordinates":[[[-118.19920566227617,36.91604015687173],[-118.19920283977854,36.915859905319586],[-118.19897835669096,36.915862171463615],[-118.19897976767477,36.91595229725317],[-118.1990920093578,36.915951164226065],[-118.19909342047636,36.91604129000663],[-118.19920566227617,36.91604015687173]]]},"id":"+9319+1382","properties":{"count":3,"label":1}},{"type":"Feature","geometry":{"geodesic":false,"type":"Polygon","coordinates":[[[-118.19888947723302,36.91018424408993],[-118.19888383493269,36.909823740572406],[-118.19877160222383,36.90982487324018],[-118.19877724400314,36.91018537676669],[-118.19888947723302,36.91018424408993]]]},"id":"+9320+1449","properties":{"count":4,"label":1}},{"type":"Feature","geometry":{"geodesic":false,"type":"Polygon","coordinates":[[[-118.19887396115413,36.90919285936284],[-118.19887114012974,36.90901260757713],[-118.19875890860666,36.90901374020897],[-118.19876172937055,36.909193992003665],[-118.19887396115413,36.90919285936284]]]},"id":"+9320+1458","properties":{"count":2,"label":1}},{"type":"Feature","geometry":{"geodesic":false,"type":"Polygon","coordinates":[[[-118.19891973199772,36.91928808338868],[-118.19891832091508,36.919197957653026],[-118.198806074471,36.91919909059928],[-118.19880748542785,36.91928921633493],[-118.19891973199772,36.91928808338868]]]},"id":"+9321+1345","properties":{"count":1,"label":1}},{"type":"Feature","geometry":{"geodesic":false,"type":"Polygon","coordinates":[[[-118.19890279938343,36.91820657445307],[-118.19889997736189,36.91802632293685],[-118.19878773264257,36.91802745583819],[-118.1987905543946,36.918207707354405],[-118.19890279938343,36.91820657445307]]]},"id":"+9321+1358","properties":{"count":2,"label":1}},{"type":"Feature","geometry":{"geodesic":false,"type":"Polygon","coordinates":[[[-118.19886470429361,36.91577317858439],[-118.19886047179132,36.915502801206756],[-118.19863598972783,36.91550506668604],[-118.19863881086003,36.91568531829209],[-118.19875105215678,36.915684185597364],[-118.1987524628711,36.91577431138691],[-118.19886470429361,36.91577317858439]]]},"id":"+9322+1386","properties":{"count":5,"label":1}},{"type":"Feature","geometry":{"geodesic":false,"type":"MultiPolygon","coordinates":[[[[-118.19874258803254,36.9151434307882],[-118.19874117737211,36.91505330498068],[-118.19862893700063,36.91505443764846],[-118.19863034752632,36.915144563455975],[-118.19874258803254,36.9151434307882]]],[[[-118.19874258803254,36.9151434307882],[-118.19874540938932,36.91532368239425],[-118.19908213166259,36.915320283717186],[-118.1990793095153,36.91514003213809],[-118.19874258803254,36.9151434307882]]]]},"id":"+9322+1391","properties":{"count":7,"label":1}},{"type":"Feature","geometry":{"geodesic":false,"type":"Polygon","coordinates":[[[-118.19865432755874,36.91667670201306],[-118.19865291691629,36.916586576223516],[-118.19854067429003,36.91658770884638],[-118.19854208479775,36.91667783463593],[-118.19865432755874,36.91667670201306]]]},"id":"+9323+1374","properties":{"count":1,"label":1}},{"type":"Feature","geometry":{"geodesic":false,"type":"Polygon","coordinates":[[[-118.1986458638118,36.91613594727577],[-118.19864445320528,36.91604582147723],[-118.19853221137852,36.91604695408213],[-118.19853080090675,36.9159568282836],[-118.19819407576784,36.915960225442504],[-118.19819548583538,36.916050351259],[-118.19808324398167,36.91605148343271],[-118.1980860638742,36.91623173505672],[-118.19819830598841,36.91623060287404],[-118.19819689591189,36.91614047706652],[-118.1986458638118,36.91613594727577]]]},"id":"+9326+1381","properties":{"count":9,"label":1}},{"type":"Feature","geometry":{"geodesic":false,"type":"Polygon","coordinates":[[[-118.19809734368685,36.91695274149888],[-118.1980959336822,36.91686261570035],[-118.19798369063373,36.91686374780219],[-118.19798510050364,36.9169538736097],[-118.19809734368685,36.91695274149888]]]},"id":"+9328+1371","properties":{"count":1,"label":1}},{"type":"Feature","geometry":{"geodesic":false,"type":"MultiPolygon","coordinates":[[[[-118.19784607342142,36.91524261502738],[-118.19773383273552,36.91524374685972],[-118.19773524221915,36.915333872694184],[-118.1978474830398,36.91533274086184],[-118.19784607342142,36.91524261502738]]],[[[-118.19784607342142,36.91524261502738],[-118.19795831410731,36.915241483096224],[-118.19795690435419,36.915151357261756],[-118.19784466380304,36.91515248919291],[-118.19784607342142,36.91524261502738]]]]},"id":"+9329+1390","properties":{"count":2,"label":1}},{"type":"Feature","geometry":{"geodesic":false,"type":"Polygon","coordinates":[[[-118.1979822807728,36.91677362199467],[-118.19797946106893,36.91659337037964],[-118.19775497573558,36.91659563425992],[-118.19775779490945,36.916775885883936],[-118.1979822807728,36.91677362199467]]]},"id":"+9330+1374","properties":{"count":4,"label":1}},{"type":"Feature","geometry":{"geodesic":false,"type":"Polygon","coordinates":[[[-118.19762863889285,36.91569550776558],[-118.1976258201322,36.91551525609665],[-118.19751357903309,36.91551638772238],[-118.19751498827416,36.91560651355684],[-118.1974027470403,36.91560764508375],[-118.19740415616461,36.9156977709272],[-118.19729191478702,36.91569890234632],[-118.1972947327751,36.91587915403322],[-118.197182491137,36.915880285362505],[-118.19718390000978,36.915970411205954],[-118.19707165822794,36.915971542427435],[-118.19707306697495,36.916061668270885],[-118.19696082504937,36.91606279939356],[-118.19696223367063,36.91615292523701],[-118.19729895981564,36.91614953155458],[-118.19729614178263,36.91596927987666],[-118.19740838355548,36.91596814844856],[-118.19740697441321,36.91587802260511],[-118.19751921605132,36.91587689106922],[-118.19751639752424,36.91569663940029],[-118.19762863889285,36.91569550776558]]]},"id":"+9332+1386","properties":{"count":14,"label":1}},{"type":"Feature","geometry":{"geodesic":false,"type":"MultiPolygon","coordinates":[[[[-118.19863962595538,36.90856424321035],[-118.1986424463869,36.90874449503199],[-118.19875467751471,36.90874336250795],[-118.19875185681371,36.90856311070427],[-118.19863962595538,36.90856424321035]]],[[[-118.19807424290744,36.90829952637783],[-118.1980728333789,36.908209400444555],[-118.19796060300567,36.90821053230385],[-118.19795919361187,36.908120406370564],[-118.1978469633644,36.90812153811307],[-118.19784555410534,36.908031412170814],[-118.19773332398364,36.90803254381451],[-118.19773473310794,36.90812266975677],[-118.19739804230265,36.90812606405005],[-118.19739522485354,36.90794581213858],[-118.19717076481675,36.90794807445579],[-118.19716935636617,36.90785794848658],[-118.19694489656294,36.9078602103726],[-118.19694771294304,36.90804046232001],[-118.19705994310966,36.90803933142191],[-118.19706135143447,36.90812945739113],[-118.19728581201925,36.90812719527154],[-118.19728722061355,36.908217321231774],[-118.1973994510317,36.908216190010286],[-118.19740085976973,36.90830631596153],[-118.19762532083959,36.90830405319516],[-118.19762391184105,36.908213927243914],[-118.19784837262344,36.90821166405534],[-118.1978497818825,36.9083017899976],[-118.19807424290744,36.90829952637783]]],[[[-118.19807424290744,36.90829952637783],[-118.1980770619825,36.90847977824439],[-118.19852598500258,36.9084752497023],[-118.1985273950791,36.90856537561761],[-118.19863962595538,36.90856424321035],[-118.19863680554184,36.9083839913887],[-118.19830011370348,36.90838738826015],[-118.19829870390544,36.90829726233586],[-118.19807424290744,36.90829952637783]]]]},"id":"+9336+1471","properties":{"count":30,"label":1}},{"type":"Feature","geometry":{"geodesic":false,"type":"Polygon","coordinates":[[[-118.19683407471213,36.90795146713211],[-118.19683266665683,36.90786134115391],[-118.19672043674173,36.90786247182743],[-118.19672184466229,36.90795259781461],[-118.19683407471213,36.90795146713211]]]},"id":"+9338+1471","properties":{"count":1,"label":1}},{"type":"Feature","geometry":{"geodesic":false,"type":"Polygon","coordinates":[[[-118.19649597688459,36.90786473286903],[-118.19649456923352,36.90777460688185],[-118.19615787981164,36.90777799762679],[-118.19615928706745,36.907868123631935],[-118.19649597688459,36.90786473286903]]]},"id":"+9343+1472","properties":{"count":3,"label":1}},{"type":"Feature","geometry":{"geodesic":false,"type":"Polygon","coordinates":[[[-118.19659694473775,36.907142594468766],[-118.19659553700583,36.90705246846362],[-118.19637107951127,36.90705472922674],[-118.1963682645954,36.906874477207474],[-118.19614380761288,36.906876737530425],[-118.19614240042894,36.906786611516296],[-118.19591794367997,36.90678887139907],[-118.19591653676552,36.90669874537596],[-118.19569208025911,36.90670100483653],[-118.19569348690406,36.906791130868626],[-118.19558125850712,36.906792260437214],[-118.19558407157244,36.906972512510386],[-118.1956963002299,36.90697138293281],[-118.19569911357371,36.90715163498802],[-118.19581134249167,36.907150505293664],[-118.19581556295654,36.90742088335402],[-118.1954788749989,36.90742427215859],[-118.19547746856057,36.9073341461265],[-118.19536523936412,36.90733527550644],[-118.19536805197131,36.90751552757962],[-118.19548028143724,36.90751439818171],[-118.19548168787558,36.9076045242138],[-118.19593060619748,36.90760000557114],[-118.19592919922913,36.907509879566],[-118.19604142865913,36.90750874963808],[-118.19604002156501,36.907418623632935],[-118.19615225085128,36.90741749360621],[-118.19614943641153,36.907237241586934],[-118.1962616654373,36.907236111461394],[-118.19626025810064,36.907145985456246],[-118.19659694473775,36.907142594468766]]]},"id":"+9347+1484","properties":{"count":49,"label":1}},{"type":"Feature","geometry":{"geodesic":false,"type":"MultiPolygon","coordinates":[[[[-118.19513937491918,36.90724740791084],[-118.19514078094429,36.9073375339609],[-118.1952530101587,36.90733640478757],[-118.19525160399883,36.90724627874649],[-118.19513937491918,36.90724740791084]]],[[[-118.19491210523064,36.907069413825],[-118.19490929373737,36.906889161715895],[-118.19479706516974,36.906890290547864],[-118.19479565956684,36.906800164488814],[-118.19468343112497,36.906801293212986],[-118.19468624207029,36.90698154534006],[-118.19479847077265,36.906980416606906],[-118.19479987639353,36.90707054266595],[-118.19491210523064,36.907069413825]]],[[[-118.19502573994016,36.90715841092631],[-118.19502714583052,36.90724853697637],[-118.19513937491918,36.90724740791084],[-118.19513796889406,36.90715728186976],[-118.19502573994016,36.90715841092631]]],[[[-118.19491210523064,36.907069413825],[-118.19491351097729,36.90715953988404],[-118.19502573994016,36.90715841092631],[-118.19502433405877,36.907068284876246],[-118.19491210523064,36.907069413825]]]]},"id":"+9356+1483","properties":{"count":7,"label":1}},{"type":"Feature","geometry":{"geodesic":false,"type":"Polygon","coordinates":[[[-118.19428773828012,36.903019382273584],[-118.19428633346773,36.90292925613369],[-118.19406188786685,36.90293151231541],[-118.19406329240975,36.90302163846429],[-118.19428773828012,36.903019382273584]]]},"id":"+9361+1526","properties":{"count":2,"label":1}},{"type":"Feature","geometry":{"geodesic":false,"type":"Polygon","coordinates":[[[-118.19188058612653,36.8997985065092],[-118.19187778251147,36.899618253977884],[-118.1916533464058,36.89962050543446],[-118.19165474794832,36.899710631709105],[-118.19154252975623,36.89971175728917],[-118.1915467340155,36.89998213611309],[-118.19143451542816,36.89998326159434],[-118.1914373180371,36.90016351414362],[-118.19132509917128,36.90016463951708],[-118.19133771003565,36.90097577596189],[-118.19156215012985,36.90097352502633],[-118.19155934714362,36.900793272504],[-118.19167156691674,36.900792146888],[-118.19166876369694,36.900611894374656],[-118.19178098320056,36.90061076865984],[-118.19177537630283,36.90025026362416],[-118.19166315732024,36.900251389329995],[-118.19165755105134,36.89989088425838],[-118.19176976949494,36.89988975857052],[-118.19176836780869,36.899799632295874],[-118.19188058612653,36.8997985065092]]]},"id":"+9382+1563","properties":{"count":41,"label":1}},{"type":"Feature","geometry":{"geodesic":false,"type":"MultiPolygon","coordinates":[[[[-118.1908636180449,36.89935800329947],[-118.19075140033792,36.89935912811597],[-118.19075420127598,36.89953938073711],[-118.19086641925247,36.89953825591163],[-118.1908636180449,36.89935800329947]]],[[[-118.1908636180449,36.89935800329947],[-118.1909758357429,36.899356878375166],[-118.19097163359469,36.8990864994704],[-118.19085941628296,36.899087624385714],[-118.1908636180449,36.89935800329947]]]]},"id":"+9389+1569","properties":{"count":5,"label":1}},{"type":"Feature","geometry":{"geodesic":false,"type":"Polygon","coordinates":[[[-118.19053116552705,36.89963175637526],[-118.19052976531403,36.89954163006468],[-118.19041754732856,36.899542754575755],[-118.19041894740684,36.89963288089531],[-118.19053116552705,36.89963175637526]]]},"id":"+9393+1564","properties":{"count":1,"label":1}},{"type":"Feature","geometry":{"geodesic":false,"type":"Polygon","coordinates":[[[-118.19028971347038,36.905763716242625],[-118.19028831323041,36.905673590012896],[-118.19006385926622,36.905675838783516],[-118.19006665922512,36.90585609125195],[-118.1901788864812,36.905854966911555],[-118.19017748635802,36.90576484068183],[-118.19028971347038,36.905763716242625]]]},"id":"+9397+1496","properties":{"count":3,"label":1}},{"type":"Feature","geometry":{"geodesic":false,"type":"MultiPolygon","coordinates":[[[[-118.18831894789791,36.90172713294712],[-118.18831755017322,36.901637006591635],[-118.18820532902569,36.90163812906353],[-118.18820672661562,36.901728255428],[-118.18831894789791,36.90172713294712]]],[[[-118.18831894789791,36.90172713294712],[-118.18832453883257,36.902087638342124],[-118.18843676063588,36.902086515744465],[-118.188440954304,36.90235689476601],[-118.18855317649358,36.90235577205157],[-118.18855457453267,36.90244589838909],[-118.18866679684803,36.90244477556685],[-118.18867099137853,36.902715154543486],[-118.18878321408913,36.90271403160446],[-118.18878601074225,36.902894284252554],[-118.18889823370438,36.90289316119676],[-118.18890242912421,36.903163540137456],[-118.18901465247262,36.903162416964875],[-118.18902024698258,36.903522922180215],[-118.189132470861,36.90352179889085],[-118.18914086359612,36.90406255665547],[-118.18925308825607,36.904061433231355],[-118.18926288098861,36.90469231719875],[-118.18937510656484,36.90469119364888],[-118.1893765056909,36.904781319923515],[-118.18948873139288,36.90478019625686],[-118.18949013064471,36.9048703225315],[-118.18960235648146,36.90486919875705],[-118.189603755877,36.9049593250227],[-118.18971598183053,36.90495820114045],[-118.18971878090011,36.9051384536538],[-118.18983100711414,36.905137329654764],[-118.18983520616317,36.90540770840682],[-118.18994743277246,36.90540658429101],[-118.1899488325992,36.9054967105387],[-118.19006105932527,36.905495586315084],[-118.19005965936378,36.90540546007637],[-118.19017188595511,36.90540433575395],[-118.19016628565102,36.90504383079912],[-118.19027851170335,36.905042706386865],[-118.19027291096808,36.90468220143203],[-118.1903851364904,36.904681076920966],[-118.19038373619654,36.904590950682255],[-118.19060818695374,36.904588701363664],[-118.19061238866179,36.90485908006182],[-118.19072461443565,36.90485795522736],[-118.19072881659285,36.90512833389856],[-118.190841042753,36.90512720894731],[-118.19084524536834,36.905397587600554],[-118.19095747191474,36.90539646253252],[-118.19095607090223,36.90530633632077],[-118.19106829731389,36.90530521115392],[-118.19106549504632,36.90512495873939],[-118.19117772118848,36.90512383347374],[-118.19117631993342,36.90503370727096],[-118.19128854593185,36.9050325818975],[-118.19128714455103,36.90494245569473],[-118.19139937041473,36.90494133022246],[-118.19140077192131,36.905031456425235],[-118.19151299791076,36.905030330845165],[-118.19151439956109,36.90512045704794],[-118.19173885178255,36.90511820556441],[-118.19174445950672,36.90547871030365],[-118.19163223287048,36.90547983611727],[-118.19165326072448,36.90683172874567],[-118.19131657485094,36.90683510571045],[-118.19131517334435,36.90674497952564],[-118.19086625928048,36.90674948064217],[-118.1908648583039,36.90665935444838],[-118.19064040150103,36.90666160435986],[-118.19063900080292,36.90657147815708],[-118.19052677252276,36.90657260295562],[-118.19053377542939,36.90702323396051],[-118.19064600436532,36.90702210915299],[-118.1906502065854,36.90729248773437],[-118.19076243590762,36.90729136280108],[-118.19076523768112,36.9074716151707],[-118.19087746727281,36.90747049012962],[-118.19088026933379,36.907650742490254],[-118.19110472902024,36.90764849207572],[-118.19110192642927,36.907468239733056],[-118.19121415599402,36.90746711436858],[-118.1912099517617,36.90719673585009],[-118.19109772259222,36.90719786120558],[-118.19109632132817,36.90710773502077],[-118.19132077939766,36.90710548422894],[-118.19132358246475,36.90728573657161],[-118.19143581176,36.90728461100053],[-118.1914400168008,36.90755498949207],[-118.19166447616385,36.9075527380265],[-118.19166167226135,36.90737248571079],[-118.19177390167339,36.90737135982529],[-118.19176829342818,36.90701085520284],[-118.19188052230123,36.90700972922752],[-118.1918791201209,36.90691960306965],[-118.1919913488592,36.906918476995514],[-118.191988544256,36.9067382246798],[-118.1918763157872,36.90673935075394],[-118.19187491362483,36.90664922459608],[-118.19176268528179,36.90665035056242],[-118.19175988124454,36.90647009822874],[-118.19198433740061,36.9064678462152],[-118.19198714196787,36.90664809853092],[-118.19209937029295,36.90664697234898],[-118.19209796787906,36.906556846200104],[-118.1922101960694,36.90655571991935],[-118.19220879352974,36.90646559377048],[-118.19232102158531,36.90646446739091],[-118.19231681359805,36.9061940889353],[-118.19254126890073,36.90619183587972],[-118.19254267181768,36.906281962028594],[-118.19265489959479,36.90628083533461],[-118.19265630265545,36.90637096147451],[-118.19276853054934,36.90636983468171],[-118.19277554658933,36.90682046533626],[-118.19288777513898,36.906819338417705],[-118.19288917849612,36.90690946453963],[-118.19300140718052,36.90690833750429],[-118.19300281067238,36.906998463626216],[-118.19277835305205,36.9070007175891],[-118.19278256278204,36.90727109596386],[-118.19289479199645,36.90726996901835],[-118.19289619538951,36.90736009514028],[-118.1930084247207,36.907358968086974],[-118.19300702120188,36.90726884197403],[-118.19323147959476,36.90726658755301],[-118.19323007581544,36.90717646144905],[-118.19345453392086,36.907174206614805],[-118.19345734200952,36.90735445881374],[-118.19334511269629,36.907355586289256],[-118.19335213238345,36.907806216782106],[-118.19346436235244,36.90780508928862],[-118.19346717053094,36.9079853414696],[-118.19369163098995,36.90798308615026],[-118.19369443971642,36.90816333830428],[-118.19380667019745,36.90816221047842],[-118.1938080747134,36.908252336555435],[-118.19392030532019,36.908251208612796],[-118.1939217099619,36.90834133468083],[-118.19414617141804,36.90833907848114],[-118.19414336160462,36.90815882636305],[-118.19403113114154,36.90815995450332],[-118.19402832162456,36.907979702367264],[-118.19414055181814,36.90797857423598],[-118.19413914693388,36.90788844816795],[-118.19436360705153,36.907886191581994],[-118.19436220190676,36.90779606551396],[-118.19469889163408,36.90779267985349],[-118.1947002971741,36.907882805903554],[-118.19492475722886,36.90788054825758],[-118.19492335141935,36.9077904222165],[-118.19537227092701,36.90778590566692],[-118.19536945828389,36.90760565361171],[-118.19514499907353,36.90760791208413],[-118.19514359302147,36.90751778604305],[-118.19503136353757,36.90751891511757],[-118.19502995762923,36.90742878906751],[-118.1949177282711,36.907429918034225],[-118.19491491674188,36.9072496659341],[-118.19469045853765,36.907251923526175],[-118.19468905304254,36.90716179746713],[-118.19446459507186,36.90716405462801],[-118.19446318984625,36.90707392855999],[-118.19435096099117,36.907075056978734],[-118.1943453406816,36.906714552679674],[-118.19456979734072,36.90671229576134],[-118.19456698669187,36.906532043616295],[-118.1944547586273,36.906533172124874],[-118.19445616381698,36.906623298201886],[-118.19434393561767,36.90662442660266],[-118.19434253056274,36.90653430051667],[-118.19411807440666,36.90653655699483],[-118.19411666962122,36.90644643090884],[-118.1944533534466,36.90644304604786],[-118.19445054310317,36.906262793884856],[-118.19456277077248,36.90626166539425],[-118.19455574436591,36.90581103498225],[-118.19444351735238,36.90581216345489],[-118.19444211222557,36.905722037368896],[-118.19432988534679,36.90572316573374],[-118.19432848035474,36.905633039638765],[-118.19421625359273,36.90563416788683],[-118.1942190633253,36.90581442008577],[-118.1941068363028,36.905815548244],[-118.19410824104331,36.905905674338975],[-118.19399601387707,36.90590680238941],[-118.19399741849183,36.90599692849337],[-118.19377296388085,36.90599918428881],[-118.19377436824409,36.90608931039277],[-118.19332545842026,36.906093820735],[-118.19332405458704,36.90600369461308],[-118.19321182725011,36.90600482192689],[-118.19320621251907,36.90564431740325],[-118.19309398570317,36.90564544460029],[-118.19309258216639,36.905555318460394],[-118.19298035547624,36.905556445549635],[-118.192974741922,36.9051959409721],[-118.19286251575288,36.90519706793557],[-118.19285970928118,36.905016815637815],[-118.19274748336359,36.90501794248451],[-118.19274467717936,36.90483769016879],[-118.19240800019914,36.90484107006208],[-118.19240659750677,36.904750943895245],[-118.19206992086791,36.90475432281835],[-118.19207132315603,36.90484444900316],[-118.19195909746303,36.90484557510425],[-118.19195769530066,36.90475544891944],[-118.19173324416617,36.90475770079823],[-118.1917318422733,36.90466757460444],[-118.19161961682283,36.90466870038213],[-118.19161400986222,36.90430819557103],[-118.19150178493278,36.90430932122297],[-118.19149898174892,36.90412906880844],[-118.19127453240208,36.90413131978891],[-118.19127313108413,36.90404119356817],[-118.19116090654096,36.90404231889671],[-118.19115810418354,36.903862066446244],[-118.1912703284662,36.90386094112669],[-118.19126892717522,36.903770814896966],[-118.19149337546204,36.903768563952426],[-118.19148917080753,36.9034981852902],[-118.19137694706386,36.90349931080738],[-118.1913741442573,36.90331905835692],[-118.19148636773146,36.90331793284872],[-118.19148216317576,36.90304755416853],[-118.19159438625468,36.90304642856151],[-118.19159158298098,36.90286617611105],[-118.1917038057904,36.9028650504142],[-118.19170100228314,36.90268479796374],[-118.19181322482306,36.902683672159085],[-118.19181462670696,36.902773798379826],[-118.19226351732479,36.902769294101226],[-118.19226491973869,36.902859420304004],[-118.19237714251217,36.90285829396935],[-118.19237854506979,36.90294842017212],[-118.1927152137406,36.90294504050341],[-118.19271661670246,36.90303516669721],[-118.19294106271656,36.90303291304874],[-118.19294246594791,36.90312303922456],[-118.19339135842526,36.903118530652016],[-118.19338995467288,36.90302840448518],[-118.19361440060614,36.90302614957008],[-118.19361299659325,36.902936023403235],[-118.19372521942063,36.90293489579298],[-118.19372381528198,36.90284476963512],[-118.19383603797462,36.90284364191706],[-118.1938346337102,36.90275351576818],[-118.19417130134794,36.902750131994175],[-118.19417270600762,36.90284025813406],[-118.19439715133001,36.902838001745735],[-118.19439574640982,36.90274787561483],[-118.1945079689228,36.90274674726795],[-118.19450656387684,36.90265662112805],[-118.1947310086333,36.90265436411988],[-118.19473241394876,36.9027444902508],[-118.19506908143379,36.90274110393455],[-118.19506627002136,36.90256085169968],[-118.19495404779583,36.90256198056758],[-118.19495123667087,36.90238172832373],[-118.19461457074891,36.90238511428065],[-118.19461597591165,36.90247524041156],[-118.19439153166722,36.90247749719515],[-118.194390126765,36.902387371055255],[-118.19450234876594,36.90238624271736],[-118.19450094373795,36.90229611657747],[-118.19461316559516,36.90229498814076],[-118.1946117604414,36.902204862000865],[-118.19472398215488,36.90220373346534],[-118.19472117160484,36.90202348119454],[-118.19460895015187,36.90202460973006],[-118.19460754502506,36.901934483581186],[-118.19449532369786,36.90193561200891],[-118.19449953871894,36.90220599043757],[-118.19416287350666,36.90220937510092],[-118.19416006428612,36.90202912279418],[-118.19404784279722,36.90203025079072],[-118.1940464383262,36.90194012463286],[-118.19393421696306,36.9019412525216],[-118.19394123873431,36.90239188332886],[-118.19382901670642,36.902393011127764],[-118.19383042095288,36.90248313729461],[-118.19360597661863,36.902485392586996],[-118.19360316867369,36.90230514025331],[-118.1933787248425,36.902307395114505],[-118.19338012854996,36.90239752129033],[-118.19315568443132,36.902399775729315],[-118.19315989479912,36.90267015427476],[-118.19304767233106,36.90267128134603],[-118.19304907567022,36.90276140753084],[-118.19282463045562,36.902763661367956],[-118.19282322738596,36.90267353517416],[-118.19271100489993,36.90267466193102],[-118.19270819903909,36.90249440954344],[-118.19237153235356,36.90249778914927],[-118.19237012982289,36.90240766293751],[-118.19158457490904,36.90241554496243],[-118.19158317331262,36.90232541872372],[-118.19135872926583,36.902327669767075],[-118.1913573279389,36.902237543519384],[-118.19113288412568,36.90223979414053],[-118.19113148306825,36.902149667883855],[-118.1910192612829,36.90215079302375],[-118.1910164594555,36.901970540510405],[-118.19112868098033,36.90196941537051],[-118.19112587891037,36.90178916285716],[-118.19101365765505,36.90179028798807],[-118.19101085587255,36.90161003545676],[-118.19112307686737,36.901608910334836],[-118.19111887384778,36.90133853154685],[-118.19123109443836,36.90133740632611],[-118.19122689108642,36.90106702753812],[-118.19100245068678,36.901069277844854],[-118.1910038515376,36.90115940411051],[-118.19089163119855,36.90116052911566],[-118.19089443264866,36.901340781664935],[-118.19078221204012,36.90134190656229],[-118.19078361263941,36.90143203283692],[-118.19067139189612,36.90143315763546],[-118.19067419286114,36.90161341019372],[-118.19056197183936,36.90161453488446],[-118.19056897369497,36.90206516626664],[-118.19045675200843,36.90206629088551],[-118.19045815226637,36.90215641716015],[-118.19057037407866,36.90215529254128],[-118.19057177448032,36.902245418815916],[-118.19079621835643,36.90224316926377],[-118.19079761901861,36.90233329552044],[-118.19102206313725,36.902331045537096],[-118.19102346406892,36.90242117179377],[-118.19113568624952,36.90242004663591],[-118.19113708732492,36.9025101728836],[-118.19124930963129,36.90250904761795],[-118.19125071084143,36.90259917386563],[-118.19136293327357,36.90259804849218],[-118.19136713734417,36.902868427199316],[-118.19125491451679,36.90286955259074],[-118.19125771699996,36.90304980505917],[-118.19114549390308,36.90305093034279],[-118.19114829614371,36.90323118282021],[-118.19103607277734,36.903232308014005],[-118.19103887477542,36.90341256049142],[-118.19092665113955,36.90341368557741],[-118.19093085379981,36.90368406429353],[-118.1908186297597,36.903685189289696],[-118.19082143129066,36.90386544176711],[-118.19048475834387,36.90386881613576],[-118.19048335796916,36.90377868988807],[-118.19037113377634,36.90377981446203],[-118.1903669330744,36.903509435692],[-118.19025470926786,36.90351056014918],[-118.19024630884316,36.90296980255524],[-118.19013408581814,36.902970926886645],[-118.1901298860864,36.902700548053744],[-118.19001766345663,36.90270167226837],[-118.19001626368379,36.90261154598475],[-118.1899040411798,36.90261267009158],[-118.18990124193056,36.90243241751535],[-118.18978901967809,36.9024335415054],[-118.1897834217725,36.90207303631701],[-118.1895589783186,36.902075283946765],[-118.18955757912069,36.90198515764518],[-118.18933313590034,36.901987404843744],[-118.18933173697192,36.90189727852419],[-118.18921951548302,36.901898401966264],[-118.18921252160446,36.90144777035052],[-118.18932474243759,36.90144664692641],[-118.18932194466159,36.901266394278316],[-118.18954638577986,36.90126414713365],[-118.18954498663584,36.901174020814096],[-118.18965720704676,36.90117289709354],[-118.18965580778595,36.90108277077398],[-118.18976802806213,36.90108164694563],[-118.18976662866658,36.90099152063506],[-118.18987884880801,36.90099039669891],[-118.18987604978334,36.90081014406878],[-118.18998826964629,36.90080902004279],[-118.1899868700082,36.900718893732225],[-118.1903235291838,36.90071552101647],[-118.19031932911967,36.90044514211171],[-118.19043154843465,36.9004440176725],[-118.19042454780076,36.8999933861376],[-118.19020011048235,36.89999563487228],[-118.19020570992406,36.900356140132544],[-118.18998127152769,36.900358388471965],[-118.18998267113882,36.90044851479152],[-118.18953379374419,36.900453010212736],[-118.18953239465407,36.90036288387521],[-118.18942017541994,36.90036400746102],[-118.18941877647354,36.900273881123496],[-118.18930655736519,36.90027500460151],[-118.18930236096618,36.90000462557098],[-118.18941457967928,36.900003502110934],[-118.18940618624347,36.8994627440319],[-118.1891817503983,36.89946499080826],[-118.1891803517753,36.899374864452774],[-118.18929256957213,36.89937374111849],[-118.18929117082337,36.899283614763],[-118.18940338848545,36.899282491320925],[-118.18940198961091,36.89919236496544],[-118.18951420712926,36.89919124143353],[-118.18951140914665,36.89901098872255],[-118.18939919188881,36.89901211225446],[-118.18939779303226,36.89892198589897],[-118.18951001015533,36.89892086236706],[-118.18950861118199,36.898830736011575],[-118.18962082816135,36.89882961238085],[-118.18961942906225,36.89873948602536],[-118.18973164590685,36.89873836229582],[-118.1897288474571,36.89855810958485],[-118.18961663087302,36.89855923331439],[-118.1896152317829,36.8984691069589],[-118.18950301532456,36.898470230571654],[-118.18950021744077,36.898289977842715],[-118.18938800124295,36.898291101347674],[-118.18937681099233,36.89757009035105],[-118.18948902613911,36.897568966873045],[-118.18948482949757,36.89729858773472],[-118.18914818523399,36.89730195780942],[-118.18914958371326,36.89739208420084],[-118.18892515390478,36.89739433039329],[-118.18892655213251,36.89748445678471],[-118.18836547684772,36.89749007042879],[-118.1883668744107,36.89758019684716],[-118.18825465921002,36.897581319256176],[-118.18826164646799,36.898031951330054],[-118.18837386233344,36.89803082889409],[-118.18837805516613,36.898301208104286],[-118.18849027141783,36.89830008556053],[-118.18849586247828,36.89866059114418],[-118.18838364568757,36.898661713705906],[-118.1883864409932,36.89884196649773],[-118.18883530914418,36.89883747557708],[-118.18883810551881,36.89901772832399],[-118.18872588822504,36.899018851227076],[-118.18872868436611,36.899199103982966],[-118.18884090192937,36.89919798107988],[-118.18884230013914,36.89928810745334],[-118.18873008245012,36.89928923035642],[-118.18873148053413,36.899379356729874],[-118.1888436983579,36.89937823381781],[-118.1888478930501,36.899648612929184],[-118.18907232946121,36.89964636676368],[-118.189077923522,36.900006872185635],[-118.18896570479095,36.90000799534025],[-118.18896850159676,36.90018824805123],[-118.18874406358665,36.90019049404605],[-118.18874546173355,36.90028062040154],[-118.18852102344496,36.90028286598314],[-118.18852242133134,36.900372992347606],[-118.18841020204331,36.900374114981204],[-118.18841579313968,36.90073462044807],[-118.18796691381367,36.90073910998532],[-118.18796132481936,36.90037860445557],[-118.18751244750557,36.90038309223211],[-118.18751105080496,36.90029296583171],[-118.18739883158881,36.90029408751309],[-118.18740581450791,36.90074471951511],[-118.18763025424279,36.900742476017605],[-118.18763165111407,36.900832602409025],[-118.18774387110278,36.900831480494084],[-118.18774526810881,36.900921606876516],[-118.18785748823227,36.900920484862766],[-118.18786167967258,36.901190863992106],[-118.1879739001823,36.90118974185259],[-118.1879752974758,36.90127986822604],[-118.18808751811129,36.90127874597872],[-118.18809031297675,36.90145899870767],[-118.18820253386379,36.90145787635255],[-118.18820393144473,36.90154800270804],[-118.18842837347032,36.90154575766543],[-118.18842697562884,36.90145563130994],[-118.1885391965069,36.90145450864042],[-118.18854059447412,36.90154463498692],[-118.18865281546894,36.90154351220062],[-118.18865561169984,36.90172376488464],[-118.18854339043553,36.90172488767993],[-118.18854478842971,36.90181501401745],[-118.18843256703063,36.90181613671393],[-118.18843116917121,36.901726010367426],[-118.18831894789791,36.90172713294712]],[[-118.19401146499877,36.90689818943415],[-118.19400725097482,36.90662781116719],[-118.19389502274856,36.90662893914576],[-118.19389361822363,36.9065388130418],[-118.19378139012314,36.90653994091257],[-118.19377858135175,36.906359688713636],[-118.1935541256628,36.90636194411382],[-118.19355693390418,36.906542196330726],[-118.19366916202264,36.906541068675544],[-118.19367337482488,36.906811446978445],[-118.19378560332962,36.906810319206485],[-118.19378700774675,36.90690044530146],[-118.19401146499877,36.90689818943415]],[[-118.19198153286928,36.906287593890504],[-118.19197732610371,36.90601721538998],[-118.19186509869492,36.90601834143717],[-118.191862294478,36.9058380890945],[-118.19175006732074,36.90583921502491],[-118.19175707724321,36.90628984589505],[-118.19198153286928,36.906287593890504]],[[-118.19094486305362,36.90458532659077],[-118.19094206114536,36.90440507414031],[-118.1907176109541,36.90440732407873],[-118.19072041232336,36.904587576547165],[-118.19094486305362,36.90458532659077]],[[-118.19090423793067,36.9019716655425],[-118.19090283715171,36.90188153927684],[-118.19079061575265,36.90188266420114],[-118.19079201639686,36.9019727904668],[-118.19090423793067,36.9019716655425]],[[-118.19049456114654,36.904499699842646],[-118.1904931607269,36.904409573594954],[-118.19038093560881,36.90441069819586],[-118.19038233590268,36.904500824443545],[-118.19049456114654,36.904499699842646]]]]},"id":"+9404+1589","properties":{"count":1879,"label":1}},{"type":"Feature","geometry":{"geodesic":false,"type":"Polygon","coordinates":[[[-118.17968716945414,36.88053998791804],[-118.17968439645368,36.88035973400333],[-118.17946001572913,36.88036196143895],[-118.17946140196436,36.8804520884053],[-118.17957359246138,36.88045097473689],[-118.17957497883135,36.88054110169425],[-118.17968716945414,36.88053998791804]]]},"id":"+9488+1778","properties":{"count":3,"label":1}}]}